"","Title","Path"
"1","英國進入新時代》女首相梅伊走馬上任「脫歐」之路任重道遠","/英國進入新時代-女首相梅伊走馬上任-脫歐-之路任重道遠-143200383.html"
"2","日皇傳擬生前退位  泰王英女王也受矚目","/日皇傳擬生前退位-泰王英女王也受矚目-163024471.html"
"3","卡麥隆向女王遞辭呈 祝英國勝利成功","/卡麥隆向女王遞辭呈-祝英國勝利成功-162324426.html"
"4","肉桂提升學習力","/肉桂提升學習力-160000655.html"
"5","美容皮下植入 美國訂注射安全準則","/美容皮下植入-美國訂注射安全準則-160000657.html"
"6","李大維：持續固守南海諸島","/李大維-持續固守南海諸島-160000127.html"
"7","執政最後一天 卡麥隆籲英國與歐盟保持親近","/執政最後-天-卡麥隆籲英國與歐盟保持親近-154007689.html"
"8","美股開盤續揚 道瓊和標普再探新高","/美股開盤續揚-道瓊和標普再探新高-150501146.html"
"9","美中分別強調南海是至高利益與核心利益","/美中分別強調南海是至高利益與核心利益-144223632.html"
"10","離任前 卡麥隆籲英國保持與歐盟親近","/離任前-卡麥隆籲英國保持與歐盟親近-143505812.html"
"11","南海仲裁後 印尼稱大力加強納土那防務","/南海仲裁後-印尼稱大力加強納土那防務-143502460.html"
"12","海牙仲裁沒效力！美俄日都不甩判決","/海牙仲裁沒效力-美俄日都不甩判決-142900773.html"
"13","人權觀察：匈牙利邊境難民遭不人道對待","/人權觀察-匈牙利邊境難民遭不人道對待-140222438.html"
"14","南海仲裁後陸民洗版  聯合國微博忙澄清","/南海仲裁後陸民洗版-聯合國微博忙澄清-135821830.html"
"15","不滿南海裁決 南韓的大陸女藝人表不滿","/不滿南海裁決-南韓的大陸女藝人表不滿-135721580.html"
"16","備戰英國公開賽 小麥救沙坑球 花6桿超糗","/備戰英國公開賽-小麥救沙坑球-花6桿超糗-134530649--golf.html"
"17","中國體操運動轉變 從魔鬼訓練變快樂學習","/中國體操運動轉變-從魔鬼訓練變快樂學習-134530208.html"
"18","展現巴西多元性 里約奧運海報破例多達13種","/展現巴西多元性-里約奧運海報破例多達13種-134530284.html"
"19","以毒攻毒？美醫用大麻當嗎啡解毒藥！","/以毒攻毒-美醫用大麻當嗎啡解毒藥-134007378.html"
"20","台灣精品隊招兵 出征「地表最快賽道」","/台灣精品隊招兵-出征-地表最快賽道-133621076.html"
"21","卡麥隆宣布卸任後 輕快哼歌掀熱議","/卡麥隆宣布卸任後-輕快哼歌掀熱議-133321688.html"
"22","平成時代即將結束?日本明仁天皇表明將「生前退位」","/-133130929.html"
"23","歐蘭德頂上稀疏  理髮師月領35萬元 (圖)","/歐蘭德頂上稀疏-理髮師月領35萬元-圖-132702988.html"
"24","紐時：南海仲裁是法治試金石","/紐時-南海仲裁是法治試金石-132406627.html"
"25","核能業遇困境 上半年無新啟建反應爐","/核能業遇困境-上半年無新啟建反應爐-131420062.html"
"26","伊斯蘭國曾策劃攻擊法國奧運代表隊","/伊斯蘭國曾策劃攻擊法國奧運代表隊-131020401.html"
"27","薩爾瓦多暴力猖獗 上半年殺人案破3千","/薩爾瓦多暴力猖獗-上半年殺人案破3千-125003478.html"
"28","聯合國：3/4南蘇丹人需人道救援","/聯合國-3-4南蘇丹人需人道救援-125001972.html"
"29","南海仲裁他國跟進？陸學者：可能性不高","/南海仲裁他國跟進-陸學者-可能性不高-124119757.html"
"30","希臘破獲兩個人蛇集團　逮捕２９名嫌犯","/希臘破獲兩個人蛇集團-逮捕-名嫌犯-124000557.html"
"31","歐巴馬表揚達拉斯5殉職警 尋求和解","/歐巴馬表揚達拉斯5殉職警-尋求和解-123815947.html"
"32","南海仲裁出爐 專家：生態系統將續遭殃","/南海仲裁出爐-專家-生態系統將續遭殃-123651977.html"
"33","陸鋼材傾銷 歐盟極盡所能自我保護","/陸鋼材傾銷-歐盟極盡所能自我保護-123504592.html"
"34","需求升 IEA估今年油價穩定","/需求升-iea估今年油價穩定-123502154.html"
"35","南海成為美最高利益  學者：美中角力場","/南海成為美最高利益-學者-美中角力場-122219357.html"
"36","美9歲女童釣43公斤海鱺  魚比人還大","/美9歲女童釣43公斤海鱺-魚比人還大-122119935.html"
"37","陸立志辦亞洲最佳足賽 首富王健林支持","/陸立志辦亞洲最佳足賽-首富王健林支持-122045337.html"
"38","首相最後一天 卡麥隆：確保歐民留英","/首相最後-天-卡麥隆-確保歐民留英-120700237.html"
"39","提高足球水準　萬達準備舉辦中國盃足球賽","/提高足球水準-萬達準備舉辦中國盃足球賽-120129109.html"
"40","全港唯一白武士 相機網上呼救","/全港唯-白武士-相機網上呼救-115648411.html"
"41","梁振英此地無銀 為連任掃除障礙","/梁振英此地無銀-為連任掃除障礙-115615012.html"
"42","堅持調查特首涉貪 廉署首長被撤","/堅持調查特首涉貪-廉署首長被撤-115552227.html"
"43","中方垃圾自海路襲港 藏針筒恐傷人","/中方垃圾自海路襲港-藏針筒恐傷人-115529904.html"
"44","海研一號返抵基隆港 (圖)","/海研-號返抵基隆港-圖-115101833.html"
"45","達拉斯殺警案》歐巴馬悼念殉職員警、籲族群團結 遺屬不買帳","/達拉斯殺警案-歐巴馬悼念殉職員警-籲族群團結-遺屬不買帳-114100721.html"
"46","孫中山恩人曾孫淪人質 現身IS最新影片","/孫中山恩人曾孫淪人質-現身is最新影片-114018141.html"
"47","桃園艦戒護 海研一號返抵基隆港","/桃園艦戒護-海研-號返抵基隆港-113218019.html"
"48","中國投入美環太軍演 欲爭2年後指揮權","/中國投入美環太軍演-欲爭2年後指揮權-112529060.html"
"49","大陸晶圓代工成長快 明年估占全球2成","/大陸晶圓代工成長快-明年估占全球2成-112117328--finance.html"
"50","習近平與歐巴馬的對決（秦晉）","/習近平與歐巴馬的對決-秦晉-111009458.html"
"51","南海美中角力 辜朝明：談經濟還是朋友","/南海美中角力-辜朝明-談經濟還是朋友-110917004.html"
"52","里約辦奧運  宣稱預算較前幾屆少","/里約辦奧運-宣稱預算較前幾屆少-110501739.html"
"53","里約誇稱錢用刀口上  辦奧運預算儉約","/里約誇稱錢用刀口上-辦奧運預算儉約-110116240.html"
"54","英國將迎女首相 女性政壇路仍艱辛","/英國將迎女首相-女性政壇路仍艱辛-105800352.html"
"55","菲南海仲裁大勝! 美.日籲冷靜","/菲南海仲裁大勝-美-日籲冷靜-105800248.html"
"56","南海仲裁出爐 解放軍一級戒備","/南海仲裁出爐-解放軍-級戒備-105800539.html"
"57","沒有""執行力"" 海牙判決沒人理?!","/沒有-執行力-海牙判決沒人理-105800390.html"
"58","Pokemon Go爆紅 靈感為谷歌愚人節玩笑","/pokemon-go爆紅-靈感為谷歌愚人節玩笑-105516074.html"
"59","反仲裁     陸媒建議出兵巡視九段線","/反仲裁-陸媒建議出兵巡視九段線-104919621.html"
"60","歐蘭德搞頭髮 每月要1萬歐元","/歐蘭德搞頭髮-每月要1萬歐元-104900820.html"
"61","仲裁後 菲駐北京使館如臨大敵","/仲裁後-菲駐北京使館如臨大敵-104539069.html"
"62","陸軍爆共諜1台商收押  5人交保","/陸軍爆共諜1台商收押-5人交保-102521252.html"
"63","仲裁    不影響台美    也不會與陸合作","/仲裁-不影響台美-也不會與陸合作-104359668.html"
"64","植樹減碳掀風潮 印度要破世界記錄","/植樹減碳掀風潮-印度要破世界記錄-104243994.html"
"65","南海仲裁後 陸完成南沙2新建機場試飛","/南海仲裁後-陸完成南沙2新建機場試飛-104115011.html"
"66","英新任女首相梅伊 主教：信仰虔誠","/英就任女首相梅伊-主教-信仰虔誠-104101401.html"
"67","美、菲合作助習近平 蔡英文學一課","/美-菲合作助習近平-蔡英文學-課-103959016.html"
"68","水患稍歇  長江下游將再迎暴雨","/水患稍歇-長江下游將再迎暴雨-103615364.html"
"69","保護南韓2/3國土 反飛彈系統落腳星州郡","/保護南韓2-3國土-反飛彈系統落腳星州郡-102005206.html"
"70","墨西哥渡假區十人越獄　部分逃犯極危險","/墨西哥渡假區十人越獄-部分逃犯極危險-102004283.html"
"71","伊拉克再傳自殺攻擊 4死21傷","/伊拉克再傳自殺攻擊-4死21傷-095700521.html"
"72","共軍銀川艦服役  陸專家：強力威懾週邊","/共軍銀川艦服役-陸專家-強力威懾週邊-095113809.html"
"73","菲坦承?有國際機構能執行仲裁結果","/菲坦承-有國際機構能執行仲裁結果-095013552.html"
"74","中國拒認南海仲裁 推白皮書「以正視聽」","/中國拒認南海仲裁-推白皮書-以正視聽-094552777.html"
"75","希拉蕊愛點頭 美媒打趣成另類焦點","/希拉蕊愛點頭-美媒打趣成另類焦點-094552037.html"
"76","飛行5年 「朱諾號」拍首張木星近照","/飛行5年-朱諾號-拍首張木星近照-094552749.html"
"77","抗議調漲水電費 阿根廷街頭「跳探戈」示威","/抗議調漲水電費-阿根廷街頭-跳探戈-示威-094552497.html"
"78","民主黨大團結 桑德斯、希拉蕊合體造勢","/民主黨大團結-桑德斯-希拉蕊合體造勢-094552621.html"
"79","南海仲裁出爐 中國批日籍庭長主導判決","/南海仲裁出爐-中國批日籍庭長主導判決-094552507.html"
"80","南蘇丹首都不平靜 美軍派員保護公民","/南蘇丹首都不平靜-美軍派員保護公民-094300223.html"
"81","AR遊戲恐洩個資 美參議員關切","/ar遊戲恐洩個資-美參議員關切-094224306.html"
"82","池昌旭赴北京出席《旋風少女2》發佈會　墨鏡涼鞋顯不羈","/池昌旭赴北京出席-旋風少女2-發佈會-墨鏡涼鞋顯不羈-093500895.html"
"83","美國總統大選》鞏固黨內團結 桑德斯終於表態 力挺希拉蕊進軍白宮","/美國總統大選-鞏固黨內團結-桑德斯終於表態-力挺希拉蕊進軍白宮-072400632.html"
"84","榮科：歐盟將動用一切手段 阻陸傾銷鋼鐵","/榮科-歐盟將動用-切手段-阻陸傾銷鋼鐵-093100187.html"
"85","梅伊出任首相領導脫歐 英德鐵娘子交手","/梅伊出任首相領導脫歐-英德鐵娘子交手-093012821.html"
"86","陸檢方起訴蘇榮等4人","/陸檢方起訴蘇榮等4人-092511292.html"
"87","年繳80萬學費為上大學  陸家長：拚了","/年繳80萬學費為上大學-陸家長-拚了-092311082.html"
"88","護南韓2/3國土 THAAD系統落腳星州郡","/護南韓2-3國土-thaad系統落腳星州郡-092211290.html"
"89","亞洲十大景點 滬.港.台東上榜","/亞洲十大景點-滬-港-台東上榜-091500832.html"
"90","中方官員暗示：不排除劃設「南海防空識別區」","/中方官員暗示-不排除劃設-南海防空識別區-091335540.html"
"91","陸歡迎台積電登陸掛牌 IEK:誘因不足","/陸歡迎台積電登陸掛牌-iek-誘因不足-091000565.html"
"92","中華信評：英國脫歐  對台無立即衝擊","/中華信評-英國脫歐-對台無立即衝擊-090211665.html"
"93","南海仲裁  陸：有約束力是奇談怪論","/南海仲裁-陸-有約束力是奇談怪論-090110046.html"
"94","報告：全球上半年無新啟建核子反應爐","/報告-全球上半年無新啟建核子反應爐-085700315.html"
"95","走高速公路竟要驚嚇費？  陸運將：車速快好怕怕","/走高速公路竟要驚嚇費？--陸運將：車速快好怕怕-085118393.html"
"96","唐獎漢學獎得主余英時狄百瑞惺惺相惜","/唐獎漢學獎得主余英時狄百瑞惺惺相惜-085010058.html"
"97","THAAD在南韓落址  北京再嗆聲","/thaad在南韓落址-北京再嗆聲-085010054.html"
"98","捲入人蛇買賣 卡查巴獲救後成牙醫回鄉執業","/捲入人蛇買賣-卡查巴獲救後成牙醫回鄉執業-084518208.html"
"99","IEA：2016石油需求高 油價走穩","/iea-2016石油需求高-油價走穩-084000035.html"
"100","墨西哥恐同情緒高漲 相關謀殺案增","/墨西哥恐同情緒高漲-相關謀殺案增-083502789.html"
"101","陸已針對朝鮮半島建制中國版薩德系統","/陸已針對朝鮮半島建制中國版薩德系統-083354494.html"
"102","求償10億美元！放任暴力訊息流通 5個受害家庭狀告臉書","/求償10億美元-放任暴力訊息流通-5個受害家庭狀告臉書-073600744.html"
"103","北京鴨子嘴硬跳針中，西漢2千年前祖先已在南海活動","/2-080235302.html"
"104","南海仲裁案  宋燕輝：新政府應抓緊時機向中國遞「橄欖枝」","/南海仲裁案-宋燕輝-新政府應抓緊時機向中國遞-橄欖枝-072200178.html"
"105","陸股量縮價漲  兩市收小紅","/陸股量縮價漲-兩市收小紅-080308380.html"
"106","南海仲裁結果  連戰：完全無法認同","/南海仲裁結果-連戰-完全無法認同-080007177.html"
"107","學者：仲裁製造糾紛 無助事實解決","/學者-仲裁製造糾紛-無助事實解決-075407684.html"
"108","南海仲裁後 拜登將會晤日韓官員","/南海仲裁後-拜登將會晤日韓官員-074630943.html"
"109","男女6箭客出征 挑戰奧運團體賽奪牌","/男女6箭客出征-挑戰奧運團體賽奪牌-074006521--spt.html"
"110","中國要「兩岸共同維護南海祖產」 陸委會：不可能認同","/中國要-兩岸共同維護南海祖產-陸委會-不可能認同-063500146.html"
"111","南海仲裁太平島為礁 美：不評論個案","/南海仲裁太平島為礁-美-不評論個案-072906874.html"
"112","梅伊將接英首相 英鎊料創2個月最長升勢","/梅伊將接英首相-英鎊料創2個月最長升勢-072906949.html"
"113","希拉蕊支持度擴大 領先川普13個百分點","/希拉蕊支持度擴大-領先川普13個百分點-072104877.html"
"114","體毛解放 法少女網路發起活動","/體毛解放-法少女網路發起活動-072009008.html"
"115","法國漁船漁網捕獲葡萄牙潛艦  無人受傷","/法國漁船漁網捕獲葡萄牙潛艦-無人受傷-072007974.html"
"116","法漁船漁網捕獲葡潛艦  無人受傷","/法漁船漁網捕獲葡潛艦-無人受傷-072006034.html"
"117","法少女不刮毛遭嘲笑 發起體毛解放活動","/法少女不刮毛遭嘲笑-發起體毛解放活動-072005685.html"
"118","太平島被降格  陸學者：裁決嚴苛又極端","/太平島被降格-陸學者-裁決嚴苛又極端-071505284.html"
"119","基進黨：南海仲裁結果 對台並非不利","/基進黨-南海仲裁結果-對台並非不利-070506377.html"
"120","陸駐美大使：不被廢紙擋住 航母嚇住","/陸駐美大使-不被廢紙擋住-航母嚇住-070305559.html"
"121","決戰里約奧運 因應茲卡病毒疫情龐大醫療團守護中華團隊","/決戰里約奧運-因應茲卡病毒疫情龐大醫療團守護中華團隊-065040118.html"
"122","北約增兵東歐後 首會俄羅斯","/北約增兵東歐後-首會俄羅斯-065009852.html"
"123","融冰有解 北約與俄展開會談","/融冰有解-北約與俄展開會談-065008757.html"
"124","大陸萬達集團9億英鎊 購歐洲最大影城","/大陸萬達集團9億英鎊-購歐洲最大影城-064804287--finance.html"
"125","美大屠殺紀念館籲館內別玩精靈寶可夢","/美大屠殺紀念館籲館內別玩精靈寶可夢-064508113.html"
"126","南海仲裁肇因？ 中：菲先惡意違約","/南海仲裁肇因-中-菲先惡意違約-064429707.html"
"127","艾奎諾三世稱讚南海仲裁","/艾奎諾三世稱讚南海仲裁-064338336.html"
"128","脫歐衝擊 英國央行考慮7年來首度降息","/脫歐衝擊-英國央行考慮7年來首度降息-063503968.html"
"129","凱瑞：美國將接納1萬名敘利亞難民","/凱瑞-美國將接納1萬名敘利亞難民-063200331.html"
"130","比煙火更壯觀！香港7小時閃電上萬次","/比煙火更壯觀-香港7小時閃電上萬次-062400098.html"
"131","公主有毛 法少女網路發起體毛解放活動","/公主有毛-法少女網路發起體毛解放活動-060903540.html"
"132","【專文】習近平與歐巴馬的對決","/-060142144.html"
"133","大聯盟明星賽 美聯雙轟四連勝國聯","/大聯盟明星賽-美聯雙轟四連勝國聯-055427913--mlb.html"
"134","遠航新機迎不回  拒受辱將打國際官司 (圖)","/遠航新機迎不回-拒受辱將打國際官司-圖-055101164.html"
"135","尼伯特來襲前通過加牛進口 立委痛批「偷渡」","/尼伯特來襲前通過加牛進口-立委痛批-偷渡-043800933.html"
"136","宣示主權　陸媒建議北京巡視九段線","/宣示主權-陸媒建議北京巡視九段線-054403190.html"
"137","英女首相對德女總理 外界戲稱「鐵娘子大戰」","/英女首相對德女總理-外界戲稱-鐵娘子大戰-053548344.html"
"138","南海仲裁案出爐》中國駐美大使：不會被一頁廢紙擋住，不會被航母嚇住","/南海仲裁案出爐-中國駐美大使-不會被-頁廢紙擋住-不會被航母嚇住-043000137.html"
"139","阿根廷華興中文學校舉辦校慶園遊會","/阿根廷華興中文學校舉辦校慶園遊會-052702964.html"
"140","陸萬達併購歐洲最大影城 成全球最大院線商","/陸萬達併購歐洲最大影城-成全球最大院線商-051425664.html"
"141","【即時短評】南海雙強之爭 台灣慘痛","/即時短評-南海雙強之爭-台灣慘痛-051300590.html"
"142","三星Note 7將亮相 傳新增虹膜識別功能","/三星note-7將亮相-傳新增虹膜識別功能-050901487--finance.html"
"143","中共交部副長：兩岸應一起維護中國人共同祖產","/中共交部副長-兩岸應-起維護中國人共同祖產-050300505.html"
"144","日本擔心了！當太平島變「礁」 那沖之鳥…？","/-050142574.html"
"145","消息人士：川普15日宣布副總統競選搭檔","/消息人士-川普15日宣布副總統競選搭檔-045925945.html"
"146","NASA無人太空探測器從木星傳回首張照片","/nasa無人太空探測器從木星傳回首張照片-045910854.html"
"147","陸媒：德機構籲承認陸市場經濟地位","/陸媒-德機構籲承認陸市場經濟地位-045700410.html"
"148","傳退將史塔伏瑞迪斯  希拉蕊副手人選","/傳退將史塔伏瑞迪斯-希拉蕊副手人選-045446232.html"
"149","陸軍事專家：南海可能成為新冷戰前沿","/陸軍事專家-南海可能成為新冷戰前沿-045300858.html"
"150","歐日央行負利率會多久 瑞銀估再持續兩年","/歐日央行負利率會多久-瑞銀估再持續兩年-045100540.html"
"151","劫機懸案45載 FBI不再積極偵辦","/劫機懸案45載-fbi不再積極偵辦-045007645.html"
"152","DB古柏劫機案 FBI：沒進展不找了","/db古柏劫機案-fbi-沒進展不找了-045006536.html"
"153","法國總統大位 38歲政治明星疑有意參選","/法國總統大位-38歲政治明星疑有意參選-045005404.html"
"154","卡麥隆主持最後會議 新英相率閣員致敬","/卡麥隆主持最後會議-新英相率閣員致敬-045003081.html"
"155","歐洲近年重大鐵路事故大事記","/歐洲近年重大鐵路事故大事記-045002286.html"
"156","德媒：南海仲裁結果搧了北京一記耳光","/德媒-南海仲裁結果搧了北京-記耳光-044903301.html"
"157","英留歐派要求二次公投 9月展開辯論","/英留歐派要求二次公投-9月展開辯論-044550721.html"
"158","跑到前女友家抓寶貝 寶可夢害他分手","/跑到前女友家抓寶貝-寶可夢害他分手-044400130.html"
"159","追悼達拉斯殉職員警 歐巴馬呼籲團結","/追悼達拉斯殉職員警-歐巴馬呼籲團結-043900005.html"
"160","即將交棒 卡麥隆主持最後會議","/即將交棒-卡麥隆主持最後會議-043503730.html"
"161","美傳統專輯銷量降 熱門唱片成長","/美傳統專輯銷量降-熱門唱片成長-043502622.html"
"162","研究：倫敦霧霾事件 居民終身受害","/研究-倫敦霧霾事件-居民終身受害-042700915.html"
"163","朱諾號傳回木星照片 大紅斑清晰可見","/朱諾號傳回木星照片-大紅斑清晰可見-040258271.html"
"164","卡車司機""敢死隊"" 運石阻潰堤","/卡車司機-敢死隊-運石阻潰堤-040000212.html"
"165","南海仲裁大勝! 菲國官方低調","/南海仲裁大勝-菲國官方低調-040000550.html"
"166","義大利火車相撞 宛如末日23死","/義大利火車相撞-宛如末日23死-040000152.html"
"167","暴風雨襲擊美國北部 威斯康辛進入緊急狀態","/暴風雨襲擊美國北部-威斯康辛進入緊急狀態-035219235.html"
"168","南海仲裁  北京重申兩岸要維護好祖產 (圖)","/南海仲裁-北京重申兩岸要維護好祖產-圖-035102268.html"
"169","瓜地馬拉與薩爾瓦多推動雙邊貿易","/瓜地馬拉與薩爾瓦多推動雙邊貿易-034357711.html"
"170","陳振川拜會駐紐約辦事處 (圖)","/陳振川拜會駐紐約辦事處-圖-034302584.html"
"171","南海仲裁  陸委會：兩岸可能緩和仍沒熱線","/南海仲裁-陸委會-兩岸可能緩和仍沒熱線-034257399.html"
"172","歐巴馬追悼達拉斯5殉職警 力促團結","/歐巴馬追悼達拉斯5殉職警-力促團結-033957139.html"
"173","南海仲裁  澳洲：北京必須接受","/南海仲裁-澳洲-北京必須接受-033657626.html"
"174","南海仲裁案出爐》中國官媒：裁決結果存在「三大連環性荒謬」","/南海仲裁案出爐-中國官媒-裁決結果存在-三大連環性荒謬-024200338.html"
"175","本報特約--宏觀縱覽/姚洋:陸改革增長難平衡","/本報特約-宏觀縱覽-姚洋-陸改革增長難平衡-032800016.html"
"176","本報特約--宏觀縱覽/大陸投資和出口持續下滑 二季度GDP增速或與上季持平","/本報特約-宏觀縱覽-大陸投資和出口持續下滑-二季度gdp增速或與上季持平-032800042.html"
"177","本報特約--產業追蹤/大陸三大運營商擬2020年啟動5G商用 有望撬動萬億產業","/本報特約-產業追蹤-大陸三大運營商擬2020年啟動5g商用-有望撬動萬億產業-032800483--finance.html"
"178","梅伊接任英相 脫歐後續處理成新首相難題","/梅伊接任英相-脫歐後續處理成新首相難題-032604490.html"
"179","不會動武》中國國務院發表南海爭議白皮書 堅持談判解決南海問題","/不會動武-中國國務院發表南海爭議白皮書-堅持談判解決南海問題-032600190.html"
"180","陳振川旋風拜會狄百瑞與余英時","/陳振川旋風拜會狄百瑞與余英時-032256987.html"
"181","韓中FTA生效後 相互投資大增","/韓中fta生效後-相互投資大增-031956240.html"
"182","《大陸政治》劃設南海防空識別區？陸外交部：視威脅程度而定","/大陸政治-劃設南海防空識別區-陸外交部-視威脅程度而定-031946894.html"
"183","巴西撥列經費加強奧運維安","/巴西撥列經費加強奧運維安-031315972.html"
"184","瑞銀：英公投脫歐 中英金融將更緊密","/瑞銀-英公投脫歐-中英金融將更緊密-031256845.html"
"185","藍委疑未過檢疫期開放加牛  林奏延釋疑","/藍委疑未過檢疫期開放加牛-林奏延釋疑-031156966.html"
"186","陸2萬字白皮書  重申談判解決南海爭議 (圖)","/陸2萬字白皮書-重申談判解決南海爭議-圖-031101816.html"
"187","港媒：北京在南海問題日益被動","/港媒-北京在南海問題日益被動-030856478.html"
"188","國安局證實 中國海警開始驅離逮捕","/國安局證實-中國海警開始驅離逮補-030700356.html"
"189","英新相梅伊留任的第一位官員：唐寧街十號捕鼠大臣","/英新相梅伊留任的第-位官員-唐寧街十號捕鼠大臣-030604604.html"
"190","展現多元文化 里約奧運官方海報多達13種","/展現多元文化-里約奧運官方海報多達13種-030500576.html"
"191","南海仲裁 張小月：兩岸未就此事溝通","/南海仲裁-張小月-兩岸未就此事溝通-025455512.html"
"192","太空站上看城市夜景  街道形狀格外突出","/太空站上看城市夜景-街道形狀格外突出-025438573.html"
"193","經濟信心激勵  道瓊和標準普爾雙創新高","/經濟信心激勵-道瓊和標準普爾雙創新高-025002269.html"
"194","陸「南海白皮書」重申：寧可談判解決也不接受裁決","/陸-南海白皮書-重申-寧可談判解決也不接受裁決-024911674.html"
"195","美傳統專輯銷量降 熱門唱片逆勢成長","/美傳統專輯銷量降-熱門唱片逆勢成長-023954306.html"
"196","DB古柏劫機案45載 FBI：沒進展不找了","/db古柏劫機案45載-fbi-沒進展不找了-023954216.html"
"197","南海爭議 張小月：與各方協商和平解決","/南海爭議-張小月-與各方協商和平解決-023754717.html"
"198","經濟前景樂觀  道瓊和標準普爾雙創新高","/經濟前景樂觀-道瓊和標準普爾雙創新高-023728056.html"
"199","法國經長馬克宏崛起 暗示角逐總統大位","/法國經長馬克宏崛起-暗示角逐總統大位-023502446.html"
"200","陸鋼廠傳減產  鋼鐵股出運","/陸鋼廠傳減產-鋼鐵股出運-023354464.html"
"201","英媒對梅伊服飾的關注超過政治","/英媒對梅伊服飾的關注超過政治-023253716.html"
"202","赴陸上市？台積電：未考慮也沒計畫","/赴陸上市-台積電-未考慮也沒計畫-022654128--finance.html"
"203","美國肯定南海仲裁結果 籲中國勿藉勢挑釁","/美國肯定南海仲裁結果-籲中國勿藉勢挑釁-022353148.html"
"204","南海仲裁否決陸主張  希拉蕊：歡迎","/南海仲裁否決陸主張-希拉蕊-歡迎-022328838.html"
"205","讓大聯盟球員參與奧運 曼佛瑞：日程不理想","/讓大聯盟球員參與奧運-曼佛瑞-日程不理想-022000029--mlb.html"
"206","DB古柏劫機懸案FBI不辦了 網友惡搞揪凱文史貝西","/db古柏劫機懸案fbi不辦了-網友惡搞揪凱文史貝西-021606848.html"
"207","狄百瑞掀起全球漢學研究熱潮 (圖)","/狄百瑞掀起全球漢學研究熱潮-圖-020301215.html"
"208","F(x) Victoria＆Miss A 霏＆Fiestar 曹璐SNS發聲反對南海仲裁","/f-x-victoria-miss-霏-fiestar-曹璐sns發聲反對南海仲裁-020100535.html"
"209","余英時推崇狄百瑞掀起全球漢學研究熱潮 (圖)","/余英時推崇狄百瑞掀起全球漢學研究熱潮-圖-015901050.html"
"210","狄百瑞行動不便  將委由女兒赴台領獎 (圖)","/狄百瑞行動不便-將委由女兒赴台領獎-圖-015901227.html"
"211","英國史上第二位女首相梅伊 今天上任","/英國史上第二位女首相梅伊-今天上任-015513447.html"
"212","李大維：南海仲裁不影響台美關係","/李大維-南海仲裁不影響台美關係-015505937.html"
"213","新進展！美23州控告聯邦政府 過半家長反跨性別廁所","/新進展-美23州控告聯邦政府-過半家長反跨性別廁所-015447461.html"
"214","台艦巡弋南海  羅茲：勿以武力處理聲索 (圖)","/台艦巡弋南海-羅茲-勿以武力處理聲索-圖-015101413.html"
"215","崔天凱抨擊仲裁與美國  仍願與他方協商 (圖)","/崔天凱抨擊仲裁與美國-仍願與他方協商-圖-015101825.html"
"216","康達：美對南海爭議結論無偏好 (圖)","/康達-美對南海爭議結論無偏好-圖-015101869.html"
"217","美學者：太平島裁決損害台灣 (圖)","/美學者-太平島裁決損害台灣-圖-015101938.html"
"218","本報社評--何不以南海仲裁案做改善兩岸關係契機","/本報社評-何不以南海仲裁案做改善兩岸關係契機-015000952.html"
"219","聯合國：3/4南蘇丹人急需人道救援","/聯合國-3-4南蘇丹人急需人道救援-014700209.html"
"220","脫歐疑慮減加日本振興措施 道瓊漲120點","/脫歐疑慮減加日本振興措施-道瓊漲120點-014526961.html"
"221","本報點評--兩岸機制停擺　蔡當局只能自我矮化","/本報點評-兩岸機制停擺-蔡當局只能自我矮化-014500908.html"
"222","雪梨奧運羽球男雙冠軍吳俊明 (圖)","/雪梨奧運羽球男雙冠軍吳俊明-圖-014301416.html"
"223","不做林書豪第2  台裔子弟羽球美國第1 (圖)","/不做林書豪第2-台裔子弟羽球美國第1-圖-014301223.html"
"224","南海仲裁後  菲駐北京使館封路警戒","/南海仲裁後-菲駐北京使館封路警戒-013752398.html"
"225","孤獨星球亞洲十大旅遊景點 台東上榜","/孤獨星球亞洲十大旅遊景點-台東上榜-013452515.html"
"226","南海仲裁結果 李大維：預判的最壞狀況","/南海仲裁結果-李大維-預判的最壞狀況-013200536.html"
"227","美民主黨大團結 桑德斯表態支持希拉蕊","/美民主黨大團結-桑德斯表態支持希拉蕊-012550127.html"
"228","歐巴馬出席達拉斯追悼會 呼籲美國人團結","/歐巴馬出席達拉斯追悼會-呼籲美國人團結-012200284.html"
"229","政治豪賭崩盤  卡麥隆難甩脫歐首相標籤","/政治豪賭崩盤-卡麥隆難甩脫歐首相標籤-004851711.html"
"230","南海仲裁降格太平島 否定九段線 黃奎博：台灣可以不接受","/南海仲裁降格太平島-否定九段線-黃奎博-台灣可以不接受-004618691.html"
"231","南海仲裁出爐 專家:南海爭議可能越演越烈","/南海仲裁出爐-專家-南海爭議可能越演越烈-004511373.html"
"232","桑德斯站台不退選  稱要全力助希拉蕊進白宮","/桑德斯站台不退選-稱要全力助希拉蕊進白宮-004506212.html"
"233","陳文茜：英國總在災難時代迎來女性領導人","/陳文茜-英國總在災難時代迎來女性領導人-004400232.html"
"234","南海仲裁美籲遵守  陸：別再挑事生非","/南海仲裁美籲遵守-陸-別再挑事生非-003550937.html"
"235","外媒：要中國接受仲裁  美先批准海洋法公約","/外媒-要中國接受仲裁-美先批准海洋法公約-003408212.html"
"236","南海仲裁案 美方：短期內升高區域緊張","/南海仲裁案-美方-短期內升高區域緊張-002100026.html"
"237","麥康奈：今年表決TPP機率低","/麥康奈-今年表決tpp機率低-001200919.html"
"238","中方強調 不接受不承認國際南海仲裁案","/中方強調不接受不承認國際南海仲裁案-234147557.html"
"239","南海仲裁掀波 美促各方避免挑釁言論或行動","/南海仲裁掀波-美促各方避免挑釁言論或行動-233500899.html"
"240","挑副手 傳希拉蕊考慮海軍退將史塔夫瑞迪斯","/挑副手-傳希拉蕊考慮海軍退將史塔夫瑞迪斯-233300825.html"
"241","義大利客運列車相撞 增至25死50傷","/義大利客運列車相撞-增至25死50傷-231813601.html"
"242","梅伊將接英首相 躋身少數女性世界領袖","/梅伊將接英首相-躋身少數女性世界領袖-231649604.html"
"243","梅伊將接英相 躋身少數女性世界領袖","/梅伊將接英相-躋身少數女性世界領袖-231056027.html"
"244","經濟危機  委內瑞拉人尋求巴西庇護","/經濟危機-委內瑞拉人尋求巴西庇護-230649315.html"
"245","巴西前總統魯拉：羅賽芙可逃過彈劾","/巴西前總統魯拉-羅賽芙可逃過彈劾-230000857.html"
"246","台ATM遭無卡盜款 吐鈔1700萬","/台atm遭無卡盜款-吐鈔1700萬-225517231.html"
"247","對美經濟有信心 美股收高道瓊創新高","/對美經濟有信心-美股收高道瓊創新高-224549008.html"
"248","英國脫歐擔憂放緩 日本續推振興經濟措施 美股收高","/英國脫歐擔憂放緩-日本續推振興經濟措施-美股收高-223601775.html"
"249","供應過剩有緩和跡象 國際油價反彈","/供應過剩有緩和跡象-國際油價反彈-222007127.html"
"250","供應過剩緩和 國際油價反彈","/供應過剩緩和-國際油價反彈-220749705.html"
"251","教練團被禁賽 青棒凱歸抱憾","/教練團被禁賽-青棒凱歸抱憾-220000848--spt.html"
"252","美稱裁決具約束力 中菲應遵守","/美稱裁決具約束力-中菲應遵守-215005977--finance.html"
"253","國台辦：護南海主權 兩岸有責","/國台辦-護南海主權-兩岸有責-215005789--finance.html"
"254","上海FBO 國家門面 虹橋不能不及格","/上海fbo-國家門面-虹橋不能不及格-215005722--finance.html"
"255","去中國化教育 影響文化認同","/去中國化教育-影響文化認同-215005801.html"
"256","網路直播太色情 萬名主播遭陸查處","/網路直播太色情-萬名主播遭陸查處-215005337--finance.html"
"257","ETF期權專家－英利率會議在即 台灣50ETF期權因應","/etf期權專家-英利率會議在即-台灣50etf期權因應-215005313--finance.html"
"258","南海仲裁：太平島是岩礁","/南海仲裁-太平島是岩礁-215005345--finance.html"
"259","南海仲裁 一面倒向菲 硬拗太平島為礁","/南海仲裁-面倒向菲-硬拗太平島為礁-215005832.html"
"260","不喜八卦 不卑不亢 鋼鐵般意志 梅伊不輸佘契爾","/不喜八卦-不卑不亢-鋼鐵般意志-梅伊不輸佘契爾-215005229.html"
"261","陸港觀盤－英脫歐衝擊有限 政策寬鬆預期增溫","/陸港觀盤-英脫歐衝擊有限-政策寬鬆預期增溫-215005667--finance.html"
"262","陸學者：蔡英文聲明展現「同仇敵愾」 南海仲裁 兩岸破冰契機","/陸學者-蔡英文聲明展現-同仇敵愾-南海仲裁-兩岸破冰契機-215005996.html"
"263","趨勢大師論壇－別讓市場黑洞打亂收成腳步","/趨勢大師論壇-別讓市場黑洞打亂收成腳步-215005332--finance.html"
"264","北京傳備戰 海軍召回退役士兵","/北京傳備戰-海軍召回退役士兵-215005946--finance.html"
"265","帝圖拚IPO 攜元大攻藝術金融","/帝圖拚ipo-攜元大攻藝術金融-215005434--finance.html"
"266","南海學者強調謹慎處理十一段線","/南海學者強調謹慎處理十-段線-215005483--finance.html"
"267","避險升溫 高收益債有甜頭","/避險升溫-高收益債有甜頭-215005947--finance.html"
"268","兩岸醫藥產業領袖峰會 打頭陣","/兩岸醫藥產業領袖峰會-打頭陣-215005015--finance.html"
"269","唐山限產開跑 黑色系商品聞聲大漲","/唐山限產開跑-黑色系商品聞聲大漲-215005431--finance.html"
"270","陸第1網紅首次直播 按讚數破億","/陸第1網紅首次直播-按讚數破億-215005631--finance.html"
"271","旺報觀點－仲裁一面倒 兩岸破冰現契機","/旺報觀點-仲裁-面倒-兩岸破冰現契機-215005894--finance.html"
"272","地大物博 陸擁中華文化寶庫","/地大物博-陸擁中華文化寶庫-215005326--finance.html"
"273","黃安曝陸機場坑人 兩岸網友齊挺","/黃安曝陸機場坑人-兩岸網友齊挺-215005379--finance.html"
"274","梅伊接英首相 脫歐列車待發","/梅伊接英首相-脫歐列車待發-215005154.html"
"275","仲裁一面倒 竟判太平島為礁","/仲裁-面倒-竟判太平島為礁-215005991--finance.html"
"276","陸不接受仲裁 願和平解決爭議","/陸不接受仲裁-願和平解決爭議-215005649--finance.html"
"277","「鬧劇結束」陸年底啟動黃岩島填海 今發布「南海立場白皮書」","/鬧劇結束-陸年底啟動黃岩島填海-今發布-南海立場白皮書-215005154.html"
"278","南海仲裁守護國土》AIT：仲裁對菲陸具法律約束","/南海仲裁守護國土-ait-仲裁對菲陸具法律約束-215005460.html"
"279","論文代寫企業化滲透陸500大學","/論文代寫企業化滲透陸500大學-215005186--finance.html"
"280","陸駐美大使：仲裁法院裁決將會加深衝突","/陸駐美大使-仲裁法院裁決將會加深衝突-214949063.html"
"281","陸駐美大使：常設仲裁法院裁決將會加深衝突","/陸駐美大使-常設仲裁法院裁決將會加深衝突-214839644.html"
"282","南海仲裁出爐  蔡政府立場受北京關注","/南海仲裁出爐-蔡政府立場受北京關注-100633735.html"
"283","學者：蔡總統應會延續馬政策 尋和平解決","/學者-蔡總統應會延續馬政策-尋和平解決-132042684.html"
"284","仲裁結果具法律拘束力  美籲中菲遵守","/仲裁結果具法律拘束力-美籲中菲遵守-145345553.html"
"285","歐股漲跌互見","/歐股漲跌互見-212002302.html"
"286","歐股漲跌互見 倫敦股市因英鎊反彈小跌","/歐股漲跌互見-倫敦股市因英鎊反彈小跌-211949452.html"
"287","警攔持槍男子 美國國會大廈短暫封鎖","/警攔持槍男子-美國國會大廈短暫封鎖-211249077.html"
"288","警攔阻持槍男子 美國國會大廈短暫封鎖","/警攔阻持槍男子-美國國會大廈短暫封鎖-210840793.html"
"289","防止過激 北京進入「戰時狀態」","/防止過激-北京進入-戰時狀態-193300544.html"
"290","菲中角力 要錢？要權？","/菲中角力-要錢-要權-193300564.html"
"291","各界怒批：太平島若不是島 沖之鳥礁更只是鳥","/各界怒批-太平島若不是島-沖之鳥礁更只是鳥-193300903.html"
"292","華郵：不甩國際法庭裁決 美有前科","/華郵-不甩國際法庭裁決-美有前科-193300103.html"
"293","學者：南海仲裁案 兩岸機會之窗","/學者-南海仲裁案-兩岸機會之窗-193300261.html"
"294","新聞眼╱兩岸為何都談U形線？","/新聞眼-兩岸為何都談u形線-193300916.html"
"295","南海緊張局勢升溫 北京的4個可能","/南海緊張局勢升溫-北京的4個可能-193300786.html"
"296","美：近幾週看到陸繼續在南海軍事化跡象","/美-近幾週看到陸繼續在南海軍事化跡象-192948597.html"
"297","美國：近幾週看到大陸繼續在南海軍事化跡象","/美國-近幾週看到大陸繼續在南海軍事化跡象-192418611.html"
"298","中國外交部5點聲明 重申南海仲裁無效","/中國外交部5點聲明-重申南海仲裁無效-191700355.html"
"299","川普顧問：南海爭端各方應尊重國際裁決","/川普顧問-南海爭端各方應尊重國際裁決-185148444.html"
"300","南海仲裁結果 菲：強烈肯定里程碑式裁決","/南海仲裁結果-菲-強烈肯定里程碑式裁決-184900805.html"
"301","川普顧問：南海爭端各方應尊重常設仲裁法院裁決","/川普顧問-南海爭端各方應尊重常設仲裁法院裁決-184642219.html"
"302","南海仲裁稱人類無法定居 判太平島為「礁」非島","/南海仲裁稱人類無法定居-判太平島為-礁-非島-180200194.html"
"303","仲裁案菲國大勝陸慘敗  南海恐風雲再起","/仲裁案菲國大勝陸慘敗-南海恐風雲再起-173748457.html"
"304","南海仲裁公布 專家怎麼看","/南海仲裁公布-專家怎麼看-173618112.html"
"305","陸軍方再嗆 仲裁結果不影響中國主權","/陸軍方再嗆-仲裁結果不影響中國主權-173124053.html"
"306","習近平：不接受基於南海仲裁的任何立場","/習近平-不接受基於南海仲裁的任何立場-173106508.html"
"307","矮行星RR245 海王星外太陽系邊緣現蹤","/矮行星rr245-海王星外太陽系邊緣現蹤-172009656.html"
"308","氣候變遷 天上雲的特徵和分布也改變","/氣候變遷-天上雲的特徵和分布也改變-172008563.html"
"309","南海仲裁具法律拘束力  美籲中菲遵守","/南海仲裁具法律拘束力-美籲中菲遵守-172007892.html"
"310","美就業報告堅挺 歐股勁揚","/美就業報告堅挺-歐股勁揚-172006536.html"
"311","南海仲裁案出爐》傳北京進入戰時狀態、解放軍戒備？中國國防部：無中生有","/南海仲裁案出爐-傳北京進入戰時狀態-解放軍戒備-中國國防部-無中生有-131100803.html"
"312","白宮：南海仲裁具拘束力  各方切勿挑釁","/白宮-南海仲裁具拘束力-各方切勿挑釁-170648842.html"
"313","仲裁結果出爐 石油和航運市場緊張反應","/仲裁結果出爐-石油和航運市場緊張反應-170541942.html"
"314","卡麥隆搬離官邸 留下第一愛貓賴瑞","/卡麥隆搬離官邸-留下第-愛貓賴瑞-165005044.html"
"315","桑德斯表態支持希拉蕊","/桑德斯表態支持希拉蕊-165004274.html"
"316","共軍南海一級戒備？中官媒：無中生有","/共軍南海-級戒備-中官媒-無中生有-162657415.html"
"317","桑德斯站台表態  挺希拉蕊成首位女總統","/桑德斯站台表態-挺希拉蕊成首位女總統-160947028.html"
"318","桑德斯將挺希拉蕊 川普強調法治","/桑德斯將挺希拉蕊-川普強調法治-160503904.html"
"319","南海仲裁案出爐》美國務院：支持和平解決爭端 仲裁結果是新契機","/南海仲裁案出爐-美國務院-支持和平解決爭端-仲裁結果是新契機-150800265.html"
"320","星巴克咖啡漲價　漲幅１０到３０美分","/星巴克咖啡漲價-漲幅-到-美分-160139390.html"
"321","天津國際航運核心區方案 出爐","/天津國際航運核心區方案-出爐-160000915.html"
"322","捐血人年齡性別 恐影響患者預後","/捐血人年齡性別-恐影響患者預後-160000402.html"
"323","南海仲裁 判太平島為礁","/南海仲裁-判太平島為礁-160000666.html"
"324","談人工智慧 陳德銘：兩岸抱團發展更快","/談人工智慧-陳德銘-兩岸抱團發展更快-160000714.html"
"325","江蘇涉台仲裁中心 成立","/江蘇涉台仲裁中心-成立-160000394.html"
"326","習近平：南海諸島屬中國領土","/習近平-南海諸島屬中國領土-160000934.html"
"327","《社論》南海形勢考驗蔡英文政府智慧","/社論-南海形勢考驗蔡英文政府智慧-160000286.html"
"328","鎂有助 降血壓","/鎂有助-降血壓-160000034.html"
"329","南海仲裁  北京籲兩岸共維中華民族祖產","/南海仲裁-北京籲兩岸共維中華民族祖產-154947543.html"
"330","加入全球漲勢  美股續創新高","/加入全球漲勢-美股續創新高-153846636.html"
"331","美股早盤續創新高","/美股早盤續創新高-153502172.html"
"332","南海案仲裁5大關鍵重點","/南海案仲裁5大關鍵重點-150502307.html"
"333","卡麥隆搬離官邸 第一愛貓賴瑞將留下","/卡麥隆搬離官邸-第-愛貓賴瑞將留下-150446304.html"
"334","南海仲裁結果 日憂陸挑釁加強東海戒備","/南海仲裁結果-日憂陸挑釁加強東海戒備-150046141.html"
"335","美智庫南海會議  菲官方代表臨時缺席","/美智庫南海會議-菲官方代表臨時缺席-145345438.html"
"336","習近平：不接受南海仲裁  但將致力和平","/習近平-不接受南海仲裁-但將致力和平-145145910.html"
"337","美智庫南海會議　美中菲代表無緣見面 (圖)","/美智庫南海會議-美中菲代表無緣見面-圖-144301768.html"
"338","南海案仲裁出爐  五大關鍵重點","/南海案仲裁出爐-五大關鍵重點-144045690.html"
"339","大馬AIM入圍名單  張棟樑11項風光提名","/大馬aim入圍名單-張棟樑11項風光提名-143745941.html"
"340","美防長抵阿富汗 將與阿國總統會談","/美防長抵阿富汗-將與阿國總統會談-143506188.html"
"341","雲的特徵和分布 隨著地球暖化改變","/雲的特徵和分布-隨著地球暖化改變-143504606.html"
"342","仲裁法院否定陸九段線主張 越南歡迎 (圖)","/仲裁法院否定陸九段線主張-越南歡迎-圖-143502155.html"
"343","研究：捐血人年齡性別 恐影響患者預後","/研究-捐血人年齡性別-恐影響患者預後-143502810.html"
"344","昆博會首日買主3千餘  業績估超越去年","/昆博會首日買主3千餘-業績估超越去年-143445269--finance.html"
"345","仲裁駁陸南海主張 習近平全球強權夢碎","/仲裁駁陸南海主張-習近平全球強權夢碎-143145386.html"
"346","共軍全體戒備？陸官媒：無中生有","/共軍全體戒備-陸官媒-無中生有-143145833.html"
"347","南海仲裁結果出爐   北京無歷史性權利","/南海仲裁結果出爐-北京無歷史性權利-142009959.html"
"348","南非首例 雙胞胎加入IS密謀恐攻遭逮","/南非首例-雙胞胎加入is密謀恐攻遭逮-142007947.html"
"349","中國不理仲裁結果怎麼辦 菲專家有建議","/中國不理仲裁結果怎麼辦-菲專家有建議-140844554.html"
"350","南海仲裁  日媒：動搖習近平領導班子","/南海仲裁-日媒-動搖習近平領導班子-140744229.html"
"351","南海仲裁宣布 各國反應籲冷靜勿挑釁","/南海仲裁宣布-各國反應籲冷靜勿挑釁-140244519.html"
"352","南海仲裁/習大不惜一戰？中共《環時》否認","/-140116452.html"
"353","全年無休！比佛利山員工泣：被當奴隸","/全年無休-比佛利山員工泣-被當奴隸-135800769.html"
"354","南海仲裁  陸國台辦：兩岸有責共維利益","/南海仲裁-陸國台辦-兩岸有責共維利益-135043723.html"
"355","梅伊明接英首相 英歐角力戰開啟","/梅伊明接英首相-英歐角力戰開啟-134943511.html"
"356","南海仲裁 美促所有聲索方避免挑釁言行","/南海仲裁-美促所有聲索方避免挑釁言行-134843678.html"
"357","南海仲裁  陸官媒怒批鬧劇無恥","/南海仲裁-陸官媒怒批鬧劇無恥-134443366.html"
"358","小蝦米扳倒大鯨魚 專家怎看南海仲裁","/小蝦米扳倒大鯨魚-專家怎看南海仲裁-134343963.html"
"359","南海仲裁同日  美航艦戰機起降 (圖)","/南海仲裁同日-美航艦戰機起降-圖-133501778.html"
"360","南海仲裁陸重大挫敗  陷入被動只能反嗆","/南海仲裁陸重大挫敗-陷入被動只能反嗆-133142089.html"
"361","南海仲裁對台影響 學者：挑戰也是機會","/南海仲裁對台影響-學者-挑戰也是機會-132042217.html"
"362","南海仲裁爭面子  中美難建共同朋友圈","/南海仲裁爭面子-中美難建共同朋友圈-131842584.html"
"363","習近平：中方不接受南海仲裁案結果","/習近平-中方不接受南海仲裁案結果-131725361.html"
"364","南海仲裁菲大勝  紐時等國際媒體紛報導","/南海仲裁菲大勝-紐時等國際媒體紛報導-131642610.html"
"365","22歲反叛軍傳奇領袖身亡 喀什米爾衝突不斷","/22歲反叛軍傳奇領袖身亡-喀什米爾衝突不斷-131300260.html"
"366","北京馬尼拉　南海仲裁結果兩樣情","/北京馬尼拉-南海仲裁結果兩樣情-131231501.html"
"367","新北書法賽競爭激烈（2） (圖)","/新北書法賽競爭激烈-2-圖-131101230.html"
"368","南海仲裁太平島屬岩礁 學者：不公平裁決","/南海仲裁太平島屬岩礁-學者-不公平裁決-131000618.html"
"369","南海仲裁案出爐》台聯：顯現台灣在國際事務上的困境","/南海仲裁案出爐-台聯-顯現台灣在國際事務上的困境-115900730.html"
"370","南海仲裁  學者：中國恐退出海洋法公約","/南海仲裁-學者-中國恐退出海洋法公約-124240414.html"
"371","執委：英國脫歐 歐盟經濟損失0.5百分點","/執委-英國脫歐-歐盟經濟損失0-5百分點-123240976.html"
"372","南海仲裁案  陸央視完全不提裁決內容","/南海仲裁案-陸央視完全不提裁決內容-123040620.html"
"373","南海仲裁有利菲國  美籲各方避免挑釁","/南海仲裁有利菲國-美籲各方避免挑釁-122740301.html"
"374","陸又談九二共識　可能關注海基會人事","/陸又談九二共識-可能關注海基會人事-122640213.html"
"375","南山人壽併美亞產險  金管會點頭","/南山人壽併美亞產險-金管會點頭-122440371--finance.html"
"376","民調：歐洲人憂難民占職缺與福利","/民調-歐洲人憂難民占職缺與福利-122231461.html"
"377","民調：過半歐洲人憂難民潮增恐攻風險","/民調-過半歐洲人憂難民潮增恐攻風險-121908912.html"
"378","南海仲裁  王毅：披法律外衣的政治鬧劇 (圖)","/南海仲裁-王毅-披法律外衣的政治鬧劇-圖-121901731.html"
"379","南海仲裁結果 在野黨籲加強太平島守備","/南海仲裁結果-在野黨籲加強太平島守備-121720590.html"
"380","地球暖化 雲的特徵和分布也跟著變","/地球暖化-雲的特徵和分布也跟著變-121239633.html"
"381","南海仲裁案  陸：不接受 (圖)","/南海仲裁案-陸-不接受-圖-121101010.html"
"382","南海仲裁促兩岸聯手？學者：陸應先釋善意","/南海仲裁促兩岸聯手-學者-陸應先釋善意-120800590.html"
"383","梅伊接任首相前夕 歐盟籲加速脫歐程序","/梅伊接任首相前夕-歐盟籲加速脫歐程序-120501332.html"
"384","星巴克員工嫌「工時短」！老闆出奇招！","/星巴克員工嫌-工時短-老闆出奇招-120000693.html"
"385","南海仲裁不利 中國將務實「臨時安排」","/南海仲裁不利-中國將務實-臨時安排-115836175.html"
"386","巴基斯坦：支持中國對南海立場","/巴基斯坦-支持中國對南海立場-115038104.html"
"387","南海仲裁環扣    升高區域緊張","/南海仲裁環扣-升高區域緊張-114749003.html"
"388","南海仲裁案出爐》中國：不接受、不承認 解放軍公布南海軍演照片","/南海仲裁案出爐-中國-不接受-不承認-解放軍公布南海軍演照片-095400407.html"
"389","2016環太軍演登場 中、美等26國參與","/2016環太軍演登場-中-美等26國參與-105010450.html"
"390","馬刺隊鄧肯宣布退休 結束19年NBA生涯","/馬刺隊鄧肯宣布退休-結束19年nba生涯-114533087--nba.html"
"391","南海仲裁出爐 否定中國9段線、太平島為礁岩","/南海仲裁出爐-否定中國9段線-太平島為礁岩-114533480.html"
"392","南海仲裁  習近平：南海諸島屬中國領土","/南海仲裁-習近平-南海諸島屬中國領土-113938082.html"
"393","南海仲裁  陸學者：北京憤怒立場將更硬","/南海仲裁-陸學者-北京憤怒立場將更硬-113938057.html"
"394","南海裁決  北京發表聲明重申南海主權","/南海裁決-北京發表聲明重申南海主權-113838695.html"
"395","仲裁結果出爐  北京無南海歷史性權利","/仲裁結果出爐-北京無南海歷史性權利-113337469.html"
"396","南海仲裁案出爐》置之不理到軍事干預 中國可能出現的反應","/南海仲裁案出爐-置之不理到軍事干預-中國可能出現的反應-110315494.html"
"397","家中驚見8嬰屍 德夫婦被控謀殺罪受審","/家中驚見8嬰屍-德夫婦被控謀殺罪受審-113137837.html"
"398","仲裁結果公布 中國9段線無法律依據","/仲裁結果公布-中國9段線無法律依據-113137066.html"
"399","南海仲裁出爐  英媒：中國可能報復","/南海仲裁出爐-英媒-中國可能報復-112637585.html"
"400","英歐關係 梅克爾要梅伊上任後快說清楚","/英歐關係-梅克爾要梅伊上任後快說清楚-110502525.html"
"401","南海仲裁案出爐》AIT：判決對中、菲有法律拘束力","/南海仲裁案出爐-ait-判決對中-菲有法律拘束力-100400719.html"
"402","南海仲裁／人民日報：堅決反對、絕不承認接受","/-103119134.html"
"403","被哈瑪斯當平台 以國組織告臉書求償鉅款","/被哈瑪斯當平台-以國組織告臉書求償鉅款-105936588.html"
"404","南海仲裁  專家：北京兩手準備","/南海仲裁-專家-北京兩手準備-105836590.html"
"405","1分鐘看天下 掌握世界大小事","/1分鐘看天下-掌握世界大小事-105800296.html"
"406","南海11段U型線 憲法:我固有疆域","/南海11段u型線-憲法-我固有疆域-105800573.html"
"407","國際南海仲裁 太平島變成""礁""","/國際南海仲裁-太平島變成-礁-105800399.html"
"408","南海仲裁結果出爐　陸網友：寸土不讓","/南海仲裁結果出爐-陸網友-寸土不讓-105736589.html"
"409","中國經濟衰退 專家：恐放緩至6.3%","/中國經濟衰退-專家-恐放緩至6.3-105556162--finance.html"
"410","美國會對台具善意 立委勿期望過高","/美國會對台具善意-立委勿期望過高-105404942.html"
"411","南海仲裁全文  裁定中國九段線無法律依據","/南海仲裁全文-裁定中國九段線無法律依據-105009196.html"
"412","南海裁決  陸外交部：不接受不承認","/南海裁決-陸外交部-不接受不承認-104236186.html"
"413","法國電力集團取得陸風力發電業者控股權","/法國電力集團取得陸風力發電業者控股權-103502962--finance.html"
"414","AIT：南海仲裁結果  對中菲具法律拘束力","/ait-南海仲裁結果-對中菲具法律拘束力-102611650.html"
"415","常設仲裁法院裁定 陸南海主張無根據","/常設仲裁法院裁定-陸南海主張無根據-102534916.html"
"416","南海仲裁出爐 學者：政府應重申太平島主權","/南海仲裁出爐-學者-政府應重申太平島主權-102400743.html"
"417","中國軍方看南海仲裁  不論結果不影響中國南海主權","/中國軍方看南海仲裁-不論結果不影響中國南海主權-102219527.html"
"418","菲律賓人在馬尼拉中國使館前叫囂","/菲律賓人在馬尼拉中國使館前叫囂-101903786.html"
"419","全文／陸外交部：南海裁決一切都無效","/全文-陸外交部-南海裁決-切都無效-101800716.html"
"420","仲裁宣佈前　中菲兩派人馬在海牙法院前對嗆","/仲裁宣佈前-中菲兩派人馬在海牙法院前對嗆-101501793.html"
"421","不認南海仲裁 中國：激化矛盾、損害地區和平","/不認南海仲裁-中國-激化矛盾-損害地區和平-101437270.html"
"422","南海裁決出爐 新華社連發崩潰社論","/南海裁決出爐-新華社連發崩潰社論-101300639.html"
"423","南海仲裁  專家：北京會有動作","/南海仲裁-專家-北京會有動作-101234546.html"
"424","南海仲裁案出爐》置之不理到軍事干預 中國可能出現的5種反應","/南海仲裁案出爐-置之不理到軍事干預-中國可能出現的5種反應-100700706.html"
"425","南海仲裁出爐  北京市下令進入戰時狀態","/南海仲裁出爐-北京市下令進入戰時狀態-100133937.html"
"426","南海仲裁出爐 北京下達進入戰時狀態","/南海仲裁出爐-北京下達進入戰時狀態-100152850.html"
"427","南海仲裁出爐 太平島被判為礁","/南海仲裁出爐-太平島被判為礁-095926397.html"
"428","真英雄！伊拉克男肉身擋炸彈客減傷亡","/真英雄-伊拉克男肉身擋炸彈客減傷亡-095916623.html"
"429","英實境秀誇張搬出「脫衣相親」 民眾：要脫衣寧可單身！","/英實境秀誇張搬出-脫衣相親-民眾-要脫衣寧可單身-095827977.html"
"430","耗資一億美元打造 美國肯塔基州重現挪亞方舟","/耗資-億美元打造-美國肯塔基州重現挪亞方舟-095508197.html"
"431","南海仲裁案主要內容","/南海仲裁案主要內容-095300647.html"
"432","11名菲籍比佛利奴工 泣訴被強迫奴役工作","/11名菲籍比佛利奴工-泣訴被強迫奴役工作-094529667.html"
"433","南蘇丹內戰升溫 中國維和部隊2死5傷","/南蘇丹內戰升溫-中國維和部隊2死5傷-094529221.html"
"434","南海仲裁結果將出爐 菲人聚集中國使館前抗議","/南海仲裁結果將出爐-菲人聚集中國使館前抗議-094529053.html"
"435","南海仲裁出爐  恐升高區域緊張","/南海仲裁出爐-恐升高區域緊張-093431642.html"
"436","舉重3保險加持 里約奧運中華奪金希望濃","/舉重3保險加持-里約奧運中華奪金希望濃-092731324--spt.html"
"437","快訊/南海仲裁出爐 太平島被判定為「礁」","/快訊-南海仲裁出爐-太平島被判定為-礁-092505625.html"
"438","朱雲漢：南海問題中美打不起來 會繼續對峙、擺姿態","/朱雲漢-南海問題中美打不起來-會繼續對峙-擺姿態-092636211.html"
"439","南海案  常設仲裁法院否定陸九段線主張","/南海案-常設仲裁法院否定陸九段線主張-091931995.html"
"440","傳鴻海布局新創電動車  2020年前亮相","/傳鴻海布局新創電動車-2020年前亮相-091131206--finance.html"
"441","新華社：南海仲裁非法無效  中方不接受","/新華社-南海仲裁非法無效-中方不接受-091131936.html"
"442","周杰倫說走就走MV照（2） (圖)","/周杰倫說走就走mv照-2-圖-091101460.html"
"443","周杰倫說走就走MV照（1） (圖)","/周杰倫說走就走mv照-1-圖-091101343.html"
"444","周杰倫說走就走MV照（3） (圖)","/周杰倫說走就走mv照-3-圖-091100732.html"
"445","南海仲裁 陸九段線不合法 太平島屬岩礁","/南海仲裁-陸九段線不合法-太平島屬岩礁-091000380.html"
"446","高爾夫》裙襬搖搖推薦吳佳晏，爭氣闖進美女業錦賽","/高爾夫-裙襬搖搖推薦吳佳晏-爭氣闖進美女業錦賽-090811325--golf.html"
"447","瑞典維權義工：依陸官方劇本 螢幕認罪","/瑞典維權義工-依陸官方劇本-螢幕認罪-090030674.html"
"448","幾乎撞名 英辣模大喊英首相不是我啦","/幾乎撞名-英辣模大喊英首相不是我啦-085830366.html"
"449","7月11日 美超商7-11提供免費思樂冰 (圖)","/7月11日-美超商7-11提供免費思樂冰-圖-085100344.html"
"450","慶祝上市50週年 美7-11提供免費思樂冰","/慶祝上市50週年-美7-11提供免費思樂冰-085029916.html"
"451","尼伯特重創中國福建 水淹一層樓高","/尼伯特重創中國福建-水淹-層樓高-084513715.html"
"452","德總理盼英新政府 立即定義與歐盟關係","/德總理盼英新政府-立即定義與歐盟關係-084100140.html"
"453","梅伊將任英首相  陸：續推中英黃金時代","/梅伊將任英首相-陸-續推中英黃金時代-084029221.html"
"454","南海仲裁   孔傑榮：對大陸具法律約束","/南海仲裁-孔傑榮-對大陸具法律約束-083926859.html"
"455","立院三讀  資助恐怖組織最重處7年","/立院三讀-資助恐怖組織最重處7年-083528858.html"
"456","南海案   立院關注    陸反應端看挑釁行為","/南海案-立院關注-陸反應端看挑釁行為-082846106.html"
"457","南海案  陸：不會和仲裁庭發生法律關係","/南海案-陸-不會和仲裁庭發生法律關係-082627922.html"
"458","美國會披露匯豐洗錢案 「大到難以起訴」","/美國會披露匯豐洗錢案-大到難以起訴-082505304.html"
"459","南海仲裁案 陸媒批美日設局","/南海仲裁案-陸媒批美日設局-082500613.html"
"460","提高愛滋篩檢率！美醫利用同志「約砲神器」送檢測組","/提高愛滋篩檢率-美醫利用同志-約砲神器-送檢測組-082239913.html"
"461","立院三讀資恐防制法 資助恐怖組織有刑責","/立院三讀資恐防制法-資助恐怖組織有刑責-081300522.html"
"462","青棒中華代表隊凱旋歸國","/青棒中華代表隊凱旋歸國-081226076--mlb.html"
"463","薩德是否受中方經濟制裁 韓青瓦台密切注視","/薩德是否受中方經濟制裁-韓青瓦台密切注視-080758071.html"
"464","日圓重貶  日股連二紅","/日圓重貶-日股連二紅-080526401.html"
"465","夏千福：美國支持一國兩制政策 (圖)","/夏千福-美國支持-國兩制政策-圖-075901070.html"
"466","最勇美軍糗了！預警機衝出航母險墜海","/最勇美軍糗了-預警機衝出航母險墜海-075900898.html"
"467","美防長抵阿富汗 將與甘尼會談","/美防長抵阿富汗-將與甘尼會談-075900843.html"
"468","夏千福：美國支持香港落實一國兩制","/夏千福-美國支持香港落實-國兩制-075025232.html"
"469","脫歐 英財相：不會就此出走自由市場","/脫歐-英財相-不會就此出走自由市場-075005241.html"
"470","脫歐嚇壞華爾街  英財相出馬安撫","/脫歐嚇壞華爾街-英財相出馬安撫-075004118.html"
"471","脫歐震撼彈 英財相安撫華爾街","/脫歐震撼彈-英財相安撫華爾街-075003850.html"
"472","脫歐後  財相：英國仍盼在金融市場扮演要角","/脫歐後-財相-英國仍盼在金融市場扮演要角-075001352.html"
"473","南海仲裁結果公布前  陸股漲逾1%","/南海仲裁結果公布前-陸股漲逾1-074725612.html"
"474","花旗將關閉委國外匯帳戶 總統怒轟封鎖","/花旗將關閉委國外匯帳戶-總統怒轟封鎖-074216473.html"
"475","馬雲投身公益  說自己再追錢就跟豬沒區別","/馬雲投身公益--說自己再追錢就跟豬沒區別-073548298.html"
"476","達拉斯槍手父母：退伍後他沮喪又孤僻","/達拉斯槍手父母-退伍後他沮喪又孤僻-073507877.html"
"477","達拉斯槍手父母：退伍後他變了","/達拉斯槍手父母-退伍後他變了-073505927.html"
"478","富比世百大名人收入榜首  泰勒絲撈55億","/富比世百大名人收入榜首-泰勒絲撈55億-073503854.html"
"479","梵諦岡人事變革 福斯記者任發言人","/梵諦岡人事變革-福斯記者任發言人-073304179.html"
"480","減少蔬果浪費 巴西加工做食物助人","/減少蔬果浪費-巴西加工做食物助人-073223940.html"
"481","南海仲裁 日外相稱將貫徹法治加強合作","/南海仲裁-日外相稱將貫徹法治加強合作-072624993.html"
"482","梅伊篤定任英首相 扛起與歐分手重任","/梅伊篤定任英首相-扛起與歐分手重任-072615267.html"
"483","川普誓解槍枝暴力：我是法治的參選人","/川普誓解槍枝暴力-我是法治的參選人-072005611.html"
"484","女人好薪酸 美國女醫年薪少男醫64萬","/女人好薪酸-美國女醫年薪少男醫64萬-072003753.html"
"485","英國女首相梅伊的政治立場","/英國女首相梅伊的政治立場-071836868.html"
"486","控臉書散播暴力  以色列民團求償10億美元","/控臉書散播暴力-以色列民團求償10億美元-071507117.html"
"487","南海仲裁前 綠委感謝美國參眾議院通過6項保證","/南海仲裁前-綠委感謝美國參眾議院通過6項保證-070427370.html"
"488","美大選影響TPP進度 外交部：趁機做好準備","/美大選影響tpp進度-外交部-趁機做好準備-064505686.html"
"489","高球明星憂茲卡退出奧運 IGF主席不滿","/高球明星憂茲卡退出奧運-igf主席不滿-063501699--golf.html"
"490","美國會通過6保證 立委盼實質交流","/美國會通過6保證-立委盼實質交流-062100014.html"
"491","標普飆高大立光接棒  台股站8個月新高","/標普飆高大立光接棒-台股站8個月新高-061222313.html"
"492","印尼自殺炸彈客給妻遺書  要孩子虔誠","/印尼自殺炸彈客給妻遺書-要孩子虔誠-061122846.html"
"493","加州理工學院校董李立  獲選美國院士 (圖)","/加州理工學院校董李立-獲選美國院士-圖-061101581.html"
"494","菲律賓與中國大陸  南海恩怨情仇","/菲律賓與中國大陸-南海恩怨情仇-060922895.html"
"495","美國增兵伊拉克 目標奪回伊第2大城","/美國增兵伊拉克-目標奪回伊第2大城-060503405.html"
"496","紐約市治安 2016年上半殺人案減少","/紐約市治安-2016年上半殺人案減少-060501489.html"
"497","太沉迷精靈寶可夢 玩家遭引誘被搶！","/太沉迷精靈寶可夢-玩家遭引誘被搶-060200211.html"
"498","為恐怖份子籌錢 星國判4孟加拉男子坐牢","/為恐怖份子籌錢-星國判4孟加拉男子坐牢-055900559.html"
"499","美版《超人回來了》將於11月開播","/美版-超人回來了-將於11月開播-055800101.html"
"500","南海仲裁7/12出爐 中國強硬聲明:立場不變","/南海仲裁7-12出爐-中國強硬聲明-立場不變-054530250.html"
"501","巴格達以北傳汽車炸彈爆炸 9死","/巴格達以北傳汽車炸彈爆炸-9死-053500863.html"
"502","南海大賽局╱行動捍衛主權 莫當強權附庸","/南海大賽局-行動捍衛主權-莫當強權附庸-053400621.html"
"503","南蘇丹總統下令停火 和平露曙光","/南蘇丹總統下令停火-和平露曙光-052007173.html"
"504","歐盟雙巨頭訪問北京  會商雙邊關係","/歐盟雙巨頭訪問北京-會商雙邊關係-051905394.html"
"505","官司雖纏身 網路大亨擬重開網路分享公司","/官司雖纏身-網路大亨擬重開網路分享公司-051900039--finance.html"
"506","林書豪接受挑戰 領導籃網重建","/林書豪接受挑戰-領導籃網重建-050234304--nba.html"
"507","台灣人當退休族要存多少 目標逾1700萬","/台灣人當退休族要存多少-目標逾1700萬-045920389.html"
"508","台旅美幫幫忙基金會援贈薩第三批布匹 (圖)","/台旅美幫幫忙基金會援贈薩第三批布匹-圖-045900005.html"
"509","南海仲裁出爐前 菲促旅陸僑民謹言慎行","/南海仲裁出爐前-菲促旅陸僑民謹言慎行-045620672.html"
"510","德土空軍基地訪視之爭","/德土空軍基地訪視之爭-045032869.html"
"511","男女薪資差很大 美國女醫也不例外","/男女薪資差很大-美國女醫也不例外-044819634.html"
"512","南海仲裁案將出爐 菲駐陸使館籲僑民小心","/南海仲裁案將出爐-菲駐陸使館籲僑民小心-044600022.html"
"513","菲提南海仲裁案 簡要時間表","/菲提南海仲裁案-簡要時間表-044520656.html"
"514","梅伊不戰而勝 英國第2位女首相","/梅伊不戰而勝-英國第2位女首相-044514257.html"
"515","勇士格林傷害罪遭逮補 恐影響奧運備戰","/勇士格林傷害罪遭逮補-恐影響奧運備戰-043900618.html"
"516","日防衛大臣：將密切監測陸在東海活動","/日防衛大臣-將密切監測陸在東海活動-043136980.html"
"517","費城警方在飯店屋頂逮捕兩名持煙霧彈疑犯","/費城警方在飯店屋頂逮捕兩名持煙霧彈疑犯-042803858.html"
"518","花旗將關閉委國外匯帳戶 總統暴跳如雷","/花旗將關閉委國外匯帳戶-總統暴跳如雷-042007938.html"
"519","52年歷史公廁  大陸一家人三代清掃","/52年歷史公廁-大陸-家人三代清掃-041919705.html"
"520","南海仲裁將出爐 日本：密切觀察大陸舉動","/南海仲裁將出爐-日本-密切觀察大陸舉動-041200827.html"
"521","女首相當家 梅伊的唐寧街百日革新","/女首相當家-梅伊的唐寧街百日革新-040900166.html"
"522","人民幣兌美元匯率中間價跌至6.69","/人民幣兌美元匯率中間價跌至6-69-040619483.html"
"523","法內政部長：歐洲盃成功","/法內政部長-歐洲盃成功-040447290.html"
"524","打掃公廁成習慣 大陸男子一家三代都做這件事","/打掃公廁成習慣-大陸男子一家三代都做這件事-035803673.html"
"525","北京的圖謀  藏在南海底下的潛艇與鬥爭","/北京的圖謀-藏在南海底下的潛艇與鬥爭-035418694.html"
"526","廣東成立海上絲綢之路申遺小組","/廣東成立海上絲綢之路申遺小組-035018563.html"
"527","TPP因美國大選延宕 外交部：趁此做好準備","/tpp因美國大選延宕-外交部-趁此做好準備-034500292.html"
"528","本報特約--宏觀縱覽/韋森：正確的宏觀政策不是為保增長是為避免大蕭條","/本報特約-宏觀縱覽-韋森-正確的宏觀政策不是為保增長是為避免大蕭條-033000876.html"
"529","本報特約--宏觀縱覽/習近平：用穩定的宏觀經濟政策穩定社會預期","/本報特約-宏觀縱覽-習近平-用穩定的宏觀經濟政策穩定社會預期-033000569.html"
"530","本報特約--金融透視/人行:堅守不發生系統性風險底線","/本報特約-金融透視-人行-堅守不發生系統性風險底線-033000158.html"
"531","慈濟基金會關懷阿根廷布宜諾省街友 (圖)","/慈濟基金會關懷阿根廷布宜諾省街友-圖-032700109.html"
"532","南海仲裁出爐前  陸官媒再起輿論攻勢","/南海仲裁出爐前-陸官媒再起輿論攻勢-031517191.html"
"533","台捐贈薩總統府與公安部雙邊合作計畫","/台捐贈薩總統府與公安部雙邊合作計畫-031217185.html"
"534","抽屜櫃奪命  宜家在陸召回166萬個","/抽屜櫃奪命-宜家在陸召回166萬個-031117048.html"
"535","尼伯特毀福建最大古民居","/尼伯特毀福建最大古民居-030625273.html"
"536","想到海外求學？看這4個香港學生怎麼說！","/想到海外求學-看這4個香港學生怎麼說-030500994.html"
"537","體育署優先核配P卡給謝淑薇    小薇下午記者會","/體育署優先核配p卡給謝淑薇-小薇下午記者會-030446680.html"
"538","菲恐怖組織綁架船員 印尼軍方搶救人質","/菲恐怖組織綁架船員-印尼軍方搶救人質-025617314.html"
"539","「嫁給我好嗎？」唐氏症情侶惹哭網友","/嫁給我好嗎-唐氏症情侶惹哭網友-025500272.html"
"540","海研一號遭陸關切? 科技部：故障緩速被注意","/海研-號遭陸關切-科技部-故障緩速被注意-025407999.html"
"541","篤定任英首相 梅伊接棒脫歐程序","/篤定任英首相-梅伊接棒脫歐程序-025136238.html"
"542","專家：南海仲裁影響地緣政治","/專家-南海仲裁影響地緣政治-024917643.html"
"543","南海案 仲裁結果即將出爐","/南海案-仲裁結果即將出爐-024738113.html"
"544","「海研一號」未越界 遭中國公務船關切","/海研-號-未越界-遭中國公務船關切-005509659.html"
"545","南海案 陸媒：中方反應端看挑釁行為","/南海案-陸媒-中方反應端看挑釁行為-024517165.html"
"546","梅伊篤定任英首相 只是分手歐洲挑戰大","/梅伊篤定任英首相-只是分手歐洲挑戰大-024017683.html"
"547","富比世百大名人收入榜首  泰勒絲海撈55億","/富比世百大名人收入榜首-泰勒絲海撈55億-023501471.html"
"548","長江流域豪雨不止  近5千萬人受災","/長江流域豪雨不止-近5千萬人受災-022416368.html"
"549","監測機構：影像顯示北韓核試場密集活動","/監測機構-影像顯示北韓核試場密集活動-022353256.html"
"550","古巴第一家百貨量販店開張","/古巴第-家百貨量販店開張-020858890.html"
"551","已羨慕！美國星巴克為員工加薪 最大幅度15%","/已羨慕-美國星巴克為員工加薪-最大幅度15-014919862.html"
"552","馬杜洛：花旗將關閉委內瑞拉政府帳戶","/馬杜洛-花旗將關閉委內瑞拉政府帳戶-014300429.html"
"553","就愛指甲油  美27歲女性藥妝店行竊被捕","/就愛指甲油-美27歲女性藥妝店行竊被捕-013800521.html"
"554","南蘇丹再爆衝突 白宮國安顧問重砲譴責","/南蘇丹再爆衝突-白宮國安顧問重砲譴責-011100751.html"
"555","潘基文呼籲制裁南蘇丹 實施武器禁運","/潘基文呼籲制裁南蘇丹-實施武器禁運-011000717.html"
"556","加州警察擊斃一揮刀男子","/加州警察擊斃-揮刀男子-005907470.html"
"557","南海仲裁 美促各方克制尊重結果","/南海仲裁-美促各方克制尊重結果-003515587.html"
"558","《紐時》專訪彼得達林 首度談中國黑牢23天","/紐時-專訪彼得達林-首度談中國黑牢23天-002103685.html"
"559","富比世2016收入最高名流：泰勒絲","/富比世2016收入最高名流-泰勒絲-002100765.html"
"560","密西根法院囚犯竊槍行凶 3死1傷","/密西根法院囚犯竊槍行凶-3死1傷-001315237.html"
"561","衛星影像顯示 北韓核試地點活動頻繁","/衛星影像顯示-北韓核試地點活動頻繁-000200821.html"
"562","蔡嘉一觀點：我們需要「反恐怖行動法草案」嗎？","/蔡嘉-觀點-我們需要-反恐怖行動法草案-嗎-225000133.html"
"563","川普克里斯蒂合體造勢 猛攻希拉蕊歐巴馬","/川普克里斯蒂合體造勢-猛攻希拉蕊歐巴馬-234300026.html"
"564","與希拉蕊合體 桑德斯料將表態力挺","/與希拉蕊合體-桑德斯料將表態力挺-233900637.html"
"565","觀點投書：南海仲裁魔術師","/觀點投書-南海仲裁魔術師-222000681.html"
"566","歐洲盃足賽無事落幕  法國維安成功","/歐洲盃足賽無事落幕-法國維安成功-231115995.html"
"567","美股與全球股市同漲 標普再創新高","/美股與全球股市同漲-標普再創新高-225004686.html"
"568","市場憂供應過剩 國際油價跌","/市場憂供應過剩-國際油價跌-225002221.html"
"569","陰謀策劃炸毀美使館 南非雙胞胎被捕","/陰謀策劃炸毀美使館-南非雙胞胎被捕-224500014.html"
"570","委內瑞拉接管金百利克拉克","/委內瑞拉接管金百利克拉克-222400672.html"
"571","密西根法院槍擊  三死兩傷","/密西根法院槍擊-三死兩傷-221829540.html"
"572","陸投資歐盟新基建 砸20億歐元","/陸投資歐盟新基建-砸20億歐元-215007610--finance.html"
"573","洪水圍城 載石沉車堵華容潰口","/洪水圍城-載石沉車堵華容潰口-215007277--finance.html"
"574","19年NBA生涯落幕！馬刺傳奇 鄧肯高掛球鞋","/19年nba生涯落幕-馬刺傳奇-鄧肯高掛球鞋-215007389--nba.html"
"575","對手退選 梅伊周三接英相","/對手退選-梅伊周三接英相-215007307--finance.html"
"576","評脫歐 倫敦金融城市長訪台 茅杰飛3點信心喊話","/評脫歐-倫敦金融城市長訪台-茅杰飛3點信心喊話-215007562--finance.html"
"577","洪水圍城 載石沉車堵華容潰口","/洪水圍城-載石沉車堵華容潰口-215007277--finance.html"
"578","19年NBA生涯落幕！馬刺傳奇 鄧肯高掛球鞋","/19年nba生涯落幕-馬刺傳奇-鄧肯高掛球鞋-215007389--nba.html"
"579","對手退選 梅伊周三接英相","/對手退選-梅伊周三接英相-215007307--finance.html"
"580","人行展示維穩決心 在岸人民幣成交量 6個月新高","/人行展示維穩決心-在岸人民幣成交量-6個月新高-215007833--finance.html"
"581","中挑戰美 南海攪動亞洲秩序","/中挑戰美-南海攪動亞洲秩序-215007458--finance.html"
"582","習護南海主權 如眼睛容不下沙","/習護南海主權-如眼睛容不下沙-215007367--finance.html"
"583","永豐投信：Q3錢進新興股債 看好大陸","/永豐投信-q3錢進新興股債-看好大陸-215007273--finance.html"
"584","找光大磋商 亞航擬在港2次上市","/找光大磋商-亞航擬在港2次上市-215007625--finance.html"
"585","操作陸股 選擇權套利","/操作陸股-選擇權套利-215007185--finance.html"
"586","美食 第2季淡季不淡","/美食-第2季淡季不淡-215007660--finance.html"
"587","陸劃6紅線 籲兩岸共護南海","/陸劃6紅線-籲兩岸共護南海-215007645--finance.html"
"588","轟-6K南海射鷹擊-12 威懾美航母","/轟-6k南海射鷹擊-12-威懾美航母-215007536--finance.html"
"589","接掌貿協 兩岸歷練助攻新南向","/接掌貿協-兩岸歷練助攻新南向-215007174--finance.html"
"590","陸港觀盤－莫忘風險 行情且行且珍惜","/陸港觀盤-莫忘風險-行情且行且珍惜-215007329--finance.html"
"591","物資短缺 委國暫開邊境 3萬人湧進哥國掃貨","/物資短缺-委國暫開邊境-3萬人湧進哥國掃貨-215007104--finance.html"
"592","腹有詩書 黃廣亮室內設計氣自華","/腹有詩書-黃廣亮室內設計氣自華-215007289--finance.html"
"593","人民幣震盪 中郵儲放棄雙幣雙股上市","/人民幣震盪-中郵儲放棄雙幣雙股上市-215007643--finance.html"
"594","將東海問題打包 日在南海介入深","/將東海問題打包-日在南海介入深-215007099--finance.html"
"595","如何申請美國專利講座 19日登場","/如何申請美國專利講座-19日登場-215007338--finance.html"
"596","日本、東南亞REITs看俏","/日本-東南亞reits看俏-215007237--finance.html"
"597","仲裁後美若施壓 陸擬劃空識區","/仲裁後美若施壓-陸擬劃空識區-215007000--finance.html"
"598","旺報觀點－政治打壞遊興 陸媒敲警鐘","/旺報觀點-政治打壞遊興-陸媒敲警鐘-215007027--finance.html"
"599","人民幣 弱勢格局將持續","/人民幣-弱勢格局將持續-215007869--finance.html"
"600","陸最大產鋼城唐山 啟動鋼鐵嚴格限產措施","/陸最大產鋼城唐山-啟動鋼鐵嚴格限產措施-215007247--finance.html"
"601","經濟情勢趨穩 陸股Q3看旺","/經濟情勢趨穩-陸股q3看旺-215007340--finance.html"
"602","美國醫科留學說明會 免費預約","/美國醫科留學說明會-免費預約-215007158--finance.html"
"603","陸雙胞胎患眼疾 台商眾籌送醫","/陸雙胞胎患眼疾-台商眾籌送醫-215007466--finance.html"
"604","學者觀點－脫歐之後 倫敦金融中心何去何從？","/學者觀點-脫歐之後-倫敦金融中心何去何從-215007035--finance.html"
"605","菲提4大核心訴求 動不動九段線？ 全世界盯著看","/菲提4大核心訴求-動不動九段線-全世界盯著看-215007411.html"
"606","雄三誤射 陸委會簡訊通知國台辦","/雄三誤射-陸委會簡訊通知國台辦-215007537--finance.html"
"607","南海仲裁結果 陸嗆：不用等到明天","/南海仲裁結果-陸嗆-不用等到明天-215007320--finance.html"
"608","「海研一號」越界？ 陸漁政船關切","/海研-號-越界-陸漁政船關切-215007111.html"
"609","旺報觀點－陸房市分化 政府難辭其咎","/旺報觀點-陸房市分化-政府難辭其咎-215007467--finance.html"
"610","南蘇丹開戰 陸維和部隊遇襲2死5傷","/南蘇丹開戰-陸維和部隊遇襲2死5傷-215007888--finance.html"
"611","姊妹花非親生 募款不畏外界壓力","/姊妹花非親生-募款不畏外界壓力-215007682--finance.html"
"612","恢復警民互信 歐巴馬邀有關人士開會","/恢復警民互信-歐巴馬邀有關人士開會-213933269.html"
"613","據報人犯奪槍行凶 密州槍擊3死含法警","/據報人犯奪槍行凶-密州槍擊3死含法警-212005278.html"
"614","密西根州槍擊 警察與若干民眾受傷","/密西根州槍擊-警察與若干民眾受傷-202514331.html"
"615","機器人炸殺警凶嫌 達拉斯警長辯稱必要","/機器人炸殺警凶嫌-達拉斯警長辯稱必要-200502554.html"
"616","雄三誤射 陸委會2度「簡訊」通報陸","/雄三誤射-陸委會2度-簡訊-通報陸-193900789.html"
"617","陸暗批美 試圖拿南海仲裁案抹黑","/陸暗批美-試圖拿南海仲裁案抹黑-193700294.html"
"618","挺公民運動即台獨 中國民族主義急先鋒「共青團」圍剿導演戴立忍","/-193059493.html"
"619","英國首相卡麥隆下台 周三換新鐵娘子梅伊接任","/-180058064.html"
"620","英保守黨確認梅伊任黨魁 並將繼任首相","/英保守黨確認梅伊任黨魁-並將繼任首相-175716071.html"
"621","強震來襲準備不足 專家籲加州防範大災難","/強震來襲準備不足-專家籲加州防範大災難-165004053.html"
"622","艾德建功助葡萄牙奪冠  感謝羅納度鼓勵","/艾德建功助葡萄牙奪冠-感謝羅納度鼓勵-163525544--sow.html"
"623","卡麥隆宣布13日下台 梅伊提前接任首相","/卡麥隆宣布13日下台-梅伊提前接任首相-162244111.html"
"624","肯亞禁藥風波　WADA呼籲採取行動","/肯亞禁藥風波-wada呼籲採取行動-160505924.html"
"625","希拉蕊陣營：桑德斯明天將現身造勢場合","/希拉蕊陣營-桑德斯明天將現身造勢場合-160504239.html"
"626","美股早盤走高","/美股早盤走高-160501001.html"
"627","乳癌患者運動 提升記憶力","/乳癌患者運動-提升記憶力-160000492.html"
"628","防蚊液 選手別亂噴","/防蚊液-選手別亂噴-160000901.html"
"629","未來之星賽 胡智為衣繡國旗飆156公里","/未來之星賽-胡智為衣繡國旗飆156公里-160000492--mlb.html"
"630","陸向台灣青年招手 廣設兩岸創業基地","/陸向台灣青年招手-廣設兩岸創業基地-160000445.html"
"631","陸廣設兩岸創業基地","/陸廣設兩岸創業基地-160000462--finance.html"
"632","陸：仲裁案一開始就非法","/陸-仲裁案-開始就非法-160000330.html"
"633","21世紀英國鐵娘子駕到 內政大臣梅伊篤定成為新任首相","/21世紀英國鐵娘子駕到-內政大臣梅伊篤定成為新任首相-125300506.html"
"634","內政大臣梅伊  13日出任英國首相","/內政大臣梅伊-13日出任英國首相-154612121.html"
"635","教宗任命美保守派記者 出任教廷發言人","/教宗任命美保守派記者-出任教廷發言人-154412259.html"
"636","英第二位女首相梅伊 新鐵娘子","/英第二位女首相梅伊-新鐵娘子-153502166.html"
"637","美股早盤上揚  標普指數創新高","/美股早盤上揚-標普指數創新高-153412365.html"
"638","葡萄牙歐洲盃奪冠功臣艾德感謝羅納度","/葡萄牙歐洲盃奪冠功臣艾德感謝羅納度-152726730--sow.html"
"639","英第二位女首相梅伊 廣結善緣","/英第二位女首相梅伊-廣結善緣-152003680.html"
"640","英第二位女首相梅伊 廣結善緣新鐵娘子","/英第二位女首相梅伊-廣結善緣新鐵娘子-151712756.html"
"641","英相卡麥隆13日下台  梅伊將接班","/英相卡麥隆13日下台-梅伊將接班-151212739.html"
"642","全球水循環觀測衛星　陸擬2019發射","/全球水循環觀測衛星-陸擬2019發射-145511302.html"
"643","菲律賓軍方掃蕩阿布薩耶夫　４０死２５傷","/菲律賓軍方掃蕩阿布薩耶夫-死-傷-145227569.html"
"644","標準普爾500指數開盤創新高","/標準普爾500指數開盤創新高-144700039.html"
"645","未來無魚可吃？ 聯合國：全球九成漁藏瀕臨過度捕撈","/未來無魚可吃-聯合國-全球九成漁藏瀕臨過度捕撈-144519340.html"
"646","征戰19年  鄧肯宣布退休","/征戰19年-鄧肯宣布退休-143711274--nba.html"
"647","梅伊可望出線　出任英執政黨魁及首相","/梅伊可望出線-出任英執政黨魁及首相-143504668.html"
"648","柏林愛樂12把大提琴高雄演出 首度戶外轉播","/柏林愛樂-12把大提琴高雄演出-首度戶外轉播-143007888.html"
"649","只剩她 梅伊可望出任英執政黨魁及首相","/只剩她-梅伊可望出任英執政黨魁及首相-142006791.html"
"650","日參院選舉執政聯盟大勝 日股收紅","/日參院選舉執政聯盟大勝-日股收紅-142005761.html"
"651","對手退讓  梅伊可望成英國第2位女首相","/對手退讓-梅伊可望成英國第2位女首相-141711755.html"
"652","強震來襲準備不足 專家籲加州面對現實","/強震來襲準備不足-專家籲加州面對現實-141411551.html"
"653","利德森退選 梅伊可望成為英國第2位女首相","/利德森退選-梅伊可望成為英國第2位女首相-141007765.html"
"654","逾千名律師致函英相  脫歐需經國會討論","/逾千名律師致函英相-脫歐需經國會討論-140711442.html"
"655","中國電信前董座常小兵遭雙開","/中國電信前董座常小兵遭雙開-140711490.html"
"656","伊斯坦堡機場恐攻 再增7人涉案","/伊斯坦堡機場恐攻-再增7人涉案-135618746.html"
"657","每天3人死於「榮譽處決」 巴國以《反恐法》嚴打私刑","/每天3人死於-榮譽處決-巴國以-反恐法-嚴打私刑-135405681.html"
"658","日參院改選 自民黨拿55席未單獨過半","/日參院改選-自民黨拿55席未單獨過半-135300366.html"
"659","度過上半季起伏 陳偉殷放眼拚季後賽","/度過上半季起伏-陳偉殷放眼拚季後賽-134518557--mlb.html"
"660","菲杜特蒂掃毒「殺無赦」 ４千毒犯搶自首","/菲杜特蒂掃毒-殺無赦-千毒犯搶自首-133802569.html"
"661","奇蹟！母難產瀕死 剛出生女兒救回她一命","/奇蹟-母難產瀕死-剛出生女兒救回她-命-133643547.html"
"662","新研究！根除95%癌細胞 紫外線將取代化療","/新研究-根除95-癌細胞-紫外線將取代化療-133520546.html"
"663","桑德斯將為希拉蕊站台　料將表態支持","/桑德斯將為希拉蕊站台-料將表態支持-133504871.html"
"664","英新鐵娘子 內政大臣梅伊篤定出任首相","/英新鐵娘子-內政大臣梅伊篤定出任首相-133410169.html"
"665","抗議聲中 美歐繼續協商TTIP","/抗議聲中-美歐繼續協商ttip-133010531.html"
"666","綠悅營收向前衝 連3個月創新高","/綠悅營收向前衝-連3個月創新高-132610547--finance.html"
"667","桑德斯將與希拉蕊同台  可望表態支持","/桑德斯將與希拉蕊同台-可望表態支持-132410913.html"
"668","美防長：美將增兵560人 助伊軍收復摩蘇爾","/美防長-美將增兵560人-助伊軍收復摩蘇爾-132200681.html"
"669","維珍航空買12空巴客機 44億美元","/維珍航空買12空巴客機-44億美元-130900420.html"
"670","美年輕人樂觀主義 撐起經濟一片天","/美年輕人樂觀主義-撐起經濟-片天-130509288.html"
"671","大陸不接受南海裁決  學者：恐採激進作為","/大陸不接受南海裁決-學者-恐採激進作為-124700964.html"
"672","李德森退出 梅伊確定將出任英國首相","/李德森退出-梅伊確定將出任英國首相-124358537.html"
"673","裕隆跨足營建業 兩岸共投45億元","/裕隆跨足營建業-兩岸共投45億元-123708766--finance.html"
"674","香港股市勁揚","/香港股市勁揚-122003813.html"
"675","金正恩遭美列黑名單 北韓怒切溝通管道","/金正恩遭美列黑名單-北韓怒切溝通管道-121908150.html"
"676","南海仲裁  缺席的北京萬餘字說明立場","/南海仲裁-缺席的北京萬餘字說明立場-120808176.html"
"677","美國防長卡特訪伊拉克","/美國防長卡特訪伊拉克-120505078.html"
"678","南海仲裁前夕》陸媒火力全開：仲裁結果是張廢紙「識時務者為俊傑」","/南海仲裁前夕-陸媒火力全開-仲裁結果是張廢紙-識時務者為俊傑-110100344.html"
"679","菲律賓加強反恐 斃40恐怖分子","/菲律賓加強反恐-斃40恐怖分子-120308752.html"
"680","匈牙利總理：歐盟單一市場和歐元有風險","/匈牙利總理-歐盟單-市場和歐元有風險-120029275.html"
"681","英國脫歐 金融城市長最常被問的問題 (圖)","/英國脫歐-金融城市長最常被問的問題-圖-115101344.html"
"682","Q3低接台股 留意汽車、半導體及航太","/q3低接台股-留意汽車-半導體及航太-114705570.html"
"683","美股大漲帶動  香港股市勁揚","/美股大漲帶動-香港股市勁揚-114107254.html"
"684","智崴體感遊樂設備獲陸訂單","/智崴體感遊樂設備獲陸訂單-113407618--finance.html"
"685","李德森退選 梅伊可能出任保守黨魁","/李德森退選-梅伊可能出任保守黨魁-113400236.html"
"686","英首相之爭　傳李德森將退出","/英首相之爭-傳李德森將退出-113303000.html"
"687","李德森讓賢  梅伊確定成英國第2女首相","/李德森讓賢-梅伊確定成英國第2女首相-113207359.html"
"688","英國公投脫歐 金融城市長最常被問這題","/英國公投脫歐-金融城市長最常被問這題-112807979.html"
"689","美的集團撒銀彈攻城掠地","/美的集團撒銀彈攻城掠地-111838477--finance.html"
"690","脫歐公投後 英股大吐怨氣","/脫歐公投後-英股大吐怨氣-111838542.html"
"691","世界最孤獨咖啡館  在億年冰川之巔","/世界最孤獨咖啡館-在億年冰川之巔-111306079.html"
"692","東元第二季營收 創7季新高","/東元第二季營收-創7季新高-111106275--finance.html"
"693","南海仲裁前夕》在衝突熱點呼喊愛情！中國在西沙群島推廣婚紗攝影","/南海仲裁前夕-在衝突熱點呼喊愛情-中國在西沙群島推廣婚紗攝影-100000006.html"
"694","東京碎屍案 警方逮捕28歲無業男子","/東京碎屍案-警方逮捕28歲無業男子-110000196.html"
"695","南海仲裁明揭曉 陸方軍演示威","/南海仲裁明揭曉-陸方軍演示威-105800624.html"
"696","白警殺黑人對立 全美民怨沸騰","/白警殺黑人對立-全美民怨沸騰-105800425.html"
"697","日修憲派大選勝出 安倍拚經濟","/日修憲派大選勝出-安倍拚經濟-105800141.html"
"698","不滿美國新制裁　北韓中斷外交溝通管道","/不滿美國新制裁-北韓中斷外交溝通管道-105440787.html"
"699","南海仲裁 希拉蕊外交顧問：中國恐拖亞洲下水","/南海仲裁-希拉蕊外交顧問-中國恐拖亞洲下水-105100052.html"
"700","梅伊：脫歐就是脫歐 將會成功","/梅伊-脫歐就是脫歐-將會成功-104900561.html"
"701","南海仲裁公布前夕  美菲防長通電話","/南海仲裁公布前夕-美菲防長通電話-104205943.html"
"702","不滿難民滯留  希臘小島傳攻擊事件","/不滿難民滯留-希臘小島傳攻擊事件-103506220.html"
"703","中銀香港完成首筆跨境人幣匯款業務","/中銀香港完成首筆跨境人幣匯款業務-103404556--finance.html"
"704","委內瑞拉經濟崩潰》「謝天謝地！」 委內瑞拉暫時開放邊境 逾萬民眾湧入鄰國搶購民生物資","/委內瑞拉經濟崩潰-謝天謝地-委內瑞拉暫時開放邊境-逾萬民眾湧入鄰國搶購民生物資-093800495.html"
"705","北韓將切斷與美非正式溝通的「紐約管道」","/北韓將切斷與美非正式溝通的-紐約管道-103034003.html"
"706","卡麥隆：與歐盟親近 合乎英國基本利益","/卡麥隆-與歐盟親近-合乎英國基本利益-102300725.html"
"707","柬國知名反對人士當街遭槍殺 矛頭指向洪森","/柬國知名反對人士當街遭槍殺-矛頭指向洪森-101000383.html"
"708","南海仲裁前夕  中國狂打輿論戰","/南海仲裁前夕-中國狂打輿論戰-100909214.html"
"709","今為世界人口日，一同關心「小媽媽」吧！","/今為世界人口日-同關心-小媽媽-吧-100500145.html"
"710","踢破41年無冠魔咒》不懼C羅傷退 葡萄牙1:0擊敗法國 首座歐洲盃冠軍到手","/踢破41年無冠魔咒-不懼c羅傷退-葡萄牙1-0擊敗法國-首座歐洲盃冠軍到手-091100071--sow.html"
"711","北京天津PM2.5  2成源自河北","/北京天津pm2-5-2成源自河北-095803201.html"
"712","足球流氓與警察衝突 艾菲爾鐵塔關閉","/足球流氓與警察衝突-艾菲爾鐵塔關閉-095600805--sow.html"
"713","達拉斯殺警槍手疑另有攻擊計畫","/達拉斯殺警槍手疑另有攻擊計畫-095002065.html"
"714","抗議美韓部署「薩德」防禦飛彈 北韓：要讓南韓變成一片火海","/抗議美韓部署-薩德-防禦飛彈-北韓-要讓南韓變成-片火海-083300012.html"
"715","南蘇丹瀕臨內戰》國慶衝突近300死 聯合國營地遭砲擊 1死6傷","/南蘇丹瀕臨內戰-國慶衝突近300死-聯合國營地遭砲擊-1死6傷-084700746.html"
"716","兒被蛇咬太心急  陸大媽放血療毒","/兒被蛇咬太心急--陸大媽放血療毒-094511055.html"
"717","日參院改選後修憲？北京呼籲慎重行事","/日參院改選後修憲-北京呼籲慎重行事-093602140.html"
"718","英脫歐 法總統展開促銷歐盟之旅","/英脫歐-法總統展開促銷歐盟之旅-092700112.html"
"719","法國旅館舒適度  看星級未必準確","/法國旅館舒適度-看星級未必準確-092401838.html"
"720","叛軍領袖身亡 喀什米爾爆流血衝突","/叛軍領袖身亡-喀什米爾爆流血衝突-091930858.html"
"721","聖公會大主教家 收容敘利亞難民","/聖公會大主教家-收容敘利亞難民-091801644.html"
"722","拒南海仲裁？ 專家：關鍵在核潛艦","/不在意南海仲裁-專家-關鍵在核潛艦-091709808.html"
"723","時代：南海議題 美國是偽君子嗎？","/時代-南海議題-美國是偽君子嗎-091446985.html"
"724","愛爾蘭研究：肥胖員工較常請假","/愛爾蘭研究-肥胖員工較常請假-091413662.html"
"725","渣打人民幣指數 下探近2年新低","/渣打人民幣指數-下探近2年新低-091000787.html"
"726","北韓動作不斷  揚言斷絕與美溝通管道","/北韓動作不斷-揚言斷絕與美溝通管道-090700476.html"
"727","愛爾蘭執政黨議員 呼籲總理9月下台","/愛爾蘭執政黨議員-呼籲總理9月下台-090400262.html"
"728","有毒植物大豕草擴散北美 小心勿觸","/有毒植物大豕草擴散北美-小心勿觸-085700474.html"
"729","南海仲裁案  陸：從一開始就非法","/南海仲裁案-陸-從-開始就非法-084700126.html"
"730","陸：南海仲裁案非法  不會接受 (圖)","/陸-南海仲裁案非法-不會接受-圖-084300778.html"
"731","南海仲裁前夕．還原歷史現場》蔣介石與國民政府是怎樣收復南海諸島的？","/南海仲裁前夕-還原歷史現場-蔣介石與國民政府是怎樣收復南海諸島的-073500052.html"
"732","大陸太空站 2024年全球唯一","/大陸太空站-2024年全球唯-082000051.html"
"733","昆山深化兩岸人才合作交流會 (圖)","/昆山深化兩岸人才合作交流會-圖-081900433.html"
"734","伊斯坦堡恐攻案 再收押7人","/伊斯坦堡恐攻案-再收押7人-081400625.html"
"735","傳賴昌星糖尿嚴重 家屬憂病死獄中","/傳賴昌星糖尿嚴重-家屬憂病死獄中-080058782.html"
"736","史密斯飛船吉他手疑心臟病發 中場倒下","/史密斯飛船吉他手疑心臟病發-中場倒下-075906701.html"
"737","歐巴馬勸抗警民眾 別以偏概全","/歐巴馬勸抗警民眾-別以偏概全-075003513.html"
"738","歐洲盃奪冠 C羅：獻給所有葡人和僑民","/歐洲盃奪冠-c羅-獻給所有葡人和僑民-075002626--sow.html"
"739","法警又以催淚瓦斯處理滋事球迷","/法警又以催淚瓦斯處理滋事球迷-074535255.html"
"740","日男去年孟加拉遇害 檢方起訴8嫌","/日男去年孟加拉遇害-檢方起訴8嫌-074500018.html"
"741","葡萄牙贏歐洲盃冠軍 法國球迷失望","/葡萄牙贏歐洲盃冠軍-法國球迷失望-073502993--sow.html"
"742","炸彈機器人爭議 達拉斯警長稱決定不變","/炸彈機器人爭議-達拉斯警長稱決定不變-072936157.html"
"743","羅馬尼亞榮譽領事 薩爾瓦多住處遇害","/羅馬尼亞榮譽領事-薩爾瓦多住處遇害-072927423.html"
"744","北韓揚言採取實際行動 應對反飛彈系統","/北韓揚言採取實際行動-應對反飛彈系統-072918506.html"
"745","炸彈機器人惹議 達拉斯警長力駁","/炸彈機器人惹議-達拉斯警長力駁-072859148.html"
"746","歐盟籲陸：讓歐洲公司平等進入大陸市場","/歐盟籲陸-讓歐洲公司平等進入大陸市場-072000657.html"
"747","陸企推出全球首款石墨烯電池","/陸企推出全球首款石墨烯電池-071557276--finance.html"
"748","日本即將零核電?鹿兒島知事反核派當選 恐暫停川內核電廠運轉","/-070120807.html"
"749","防蚊液可制茲卡 長庚：奧運選手別怕","/防蚊液可制茲卡-長庚-奧運選手別怕-065536752.html"
"750","南蘇丹激戰 美要求立即停火","/南蘇丹激戰-美要求立即停火-065004956.html"
"751","北韓揚言採取實際行動 因應反飛彈系統","/北韓揚言採取實際行動-因應反飛彈系統-065002306.html"
"752","女模受訪突中邪 尖叫詭吼：我要喝血","/女模受訪突中邪-尖叫詭吼-我要喝血-064900500.html"
"753","學者觀點：北京若挑釁 美國將面臨「極糟」選擇","/學者觀點-北京若挑釁-美國將面臨-極糟-選擇-064700558.html"
"754","冠軍賽又輸C羅 格里茲曼不開心","/冠軍賽又輸c羅-格里茲曼不開心-064431163--sow.html"
"755","美高院大法官 罕見重批川普","/美高院大法官-罕見重批川普-064400414.html"
"756","溫布頓混雙 英國芬蘭搭檔初登場奪冠","/溫布頓混雙-英國芬蘭搭檔初登場奪冠-064328214--ten.html"
"757","C羅又贏了 歐洲盃進球王不開心","/c羅又贏了-歐洲盃進球王不開心-064257834--sow.html"
"758","美年輕人沒錢卻敢花 經濟成長推手","/美年輕人沒錢卻敢花-經濟成長推手-064000465.html"
"759","多國發警告 旅美風險高","/多國發警告-旅美風險高-064000467.html"
"760","台股收盤大漲145點　八千八在望","/台股收盤大漲145點-八千八在望-063914981.html"
"761","川普揚言築牆 墨總統反擊","/川普揚言築牆-墨總統反擊-063505136.html"
"762","歐洲盃足賽冠軍戰球迷鬧事 法警逮40人","/歐洲盃足賽冠軍戰球迷鬧事-法警逮40人-063504709.html"
"763","帕克率法國男籃隊  進軍里約奧運","/帕克率法國男籃隊-進軍里約奧運-063503617.html"
"764","委邊界重開哥國邊界 7小時2.5萬人跨境","/委邊界重開哥國邊界-7小時2-5萬人跨境-063501107.html"
"765","捍金融中心地位 英財相將會華爾街大咖","/捍金融中心地位-英財相將會華爾街大咖-063148957.html"
"766","LLB青棒  中華隊勝菲奪亞太區冠軍","/llb青棒-中華隊勝菲奪亞太區冠軍-062956713.html"
"767","南蘇丹政治派系武裝衝突 中國維和部隊一死多傷","/南蘇丹政治派系武裝衝突-中國維和部隊-死多傷-060837735.html"
"768","寵物當家好犀利 北美票房拿第一","/寵物當家好犀利-北美票房拿第-060502388.html"
"769","7月台指期大漲175點","/7月台指期大漲175點-060156520.html"
"770","抗議時幫兒擋子彈 勇媽不悔還要再次上街","/抗議時幫兒擋子彈-勇媽不悔還要再次上街-054901101.html"
"771","「尼伯特」挾豪雨 中國南方水患氾濫","/尼伯特-挾豪雨-中國南方水患氾濫-054517808.html"
"772","LLB青棒中華贏   進軍美國世界賽","/llb青棒中華贏-進軍美國世界賽-054001655.html"
"773","尼伯特颱風襲大陸沿海 已致9死18失蹤","/尼伯特颱風襲大陸沿海-已致9死18失蹤-053451272.html"
"774","克什米爾警民衝突升高  至少21死","/克什米爾警民衝突升高-至少21死-051155081.html"
"775","高爾夫》諾奎絲特延長賽遭罰兩桿，藍恩笑納美國女子公開賽","/高爾夫-諾奎絲特延長賽遭罰兩桿-藍恩笑納美國女子公開賽-045909306--golf.html"
"776","陸智慧機估出貨旺 外資看好台積電等5檔","/陸智慧機估出貨旺-外資看好台積電等5檔-045455089--finance.html"
"777","七千五百樂師德國合奏 破紀錄","/七千五百樂師德國合奏-破紀錄-044313972.html"
"778","胡智為好投  世界聯隊擊敗美國聯隊 (圖)","/胡智為好投-世界聯隊擊敗美國聯隊-圖-044300666.html"
"779","巴西奧運防蚊大戰  長庚團隊有備而來","/巴西奧運防蚊大戰-長庚團隊有備而來-043635317.html"
"780","邊界重開 委國人湧入哥國瘋搶必需品","/邊界重開-委國人湧入哥國瘋搶必需品-043503352.html"
"781","胡智為好投  世界聯隊贏未來之星明星賽","/胡智為好投-世界聯隊贏未來之星明星賽-042654995.html"
"782","iPhone 7螢幕 傳支援廣色域顯示","/iphone-7螢幕-傳支援廣色域顯示-042154754--finance.html"
"783","陳耀昌專文：新南向不若新北進─台北海參崴直航之可能","/陳耀昌專文-新南向不若新北進-台北海參崴直航之可能-013222341.html"
"784","中歐峰會將登場 歐盟盼強化貿易關係","/中歐峰會將登場-歐盟盼強化貿易關係-040400211.html"
"785","僑委會證實 陸僑社勸阻台僑胞赴僑宴","/僑委會證實-陸僑社勸阻台僑胞赴僑宴-040354284.html"
"786","南蘇丹衝突威脅和平 美籲立即停戰","/南蘇丹衝突威脅和平-美籲立即停戰-040100970.html"
"787","英財相擬呼籲華爾街大咖 續挺英國","/英財相擬呼籲華爾街大咖-續挺英國-035956345.html"
"788","誤射通知美、陸 外交部、陸委會都在午後","/誤射通知美-陸-外交部-陸委會都在午後-035300367.html"
"789","選手防蚊液別亂噴 憂過量影響運動表現","/選手防蚊液別亂噴-憂過量影響運動表現-034653484.html"
"790","港媒：南海仲裁生風雨  和解也若隱若現","/港媒-南海仲裁生風雨-和解也若隱若現-034453999.html"
"791","南蘇丹內戰  陸維和部隊遇襲1死6傷","/南蘇丹內戰-陸維和部隊遇襲1死6傷-034252187.html"
"792","放寬陸投資台證券 丁克華：陸方態度開放","/放寬陸投資台證券-丁克華-陸方態度開放-034200852.html"
"793","里約奧運防茲卡 長庚贈<U+FF62>醫療防疫包<U+FF63>","/里約奧運防茲卡-長庚贈-醫療防疫包-032900486.html"
"794","發現父親是殺人魔！少女立志做護理師","/發現父親是殺人魔-少女立志做護理師-032800383.html"
"795","雄三誤射  陸委會用簡訊通報大陸","/雄三誤射-陸委會用簡訊通報大陸-032552160.html"
"796","厄瓜多西北部發生強震 規模達6.4","/厄瓜多西北部發生強震-規模達6-4-032533294.html"
"797","川普要墨西哥支付築牆費 墨總統：你做夢！","/川普要墨西哥支付築牆費-墨總統-你做夢-031906528.html"
"798","達拉斯殺警槍手 原本計畫用炸彈殺更多人","/達拉斯殺警槍手-原本計畫用炸彈殺更多人-030139272.html"
"799","艾達是誰？葡萄牙絕殺靠無名小卒","/艾達是誰-葡萄牙絕殺靠無名小卒-025600260--sow.html"
"800","把牠命名「習近平」 學者慘遭陸封殺","/把這個命名為-習近平-慘遭陸封殺-024900119.html"
"801","寄法國中部關懷6月豪雨受災戶","/寄法國中部關懷6月豪雨受災戶-024849985.html"
"802","南海仲裁  陸學者：中美關係恐瀕臨界點","/南海仲裁-陸學者-中美關係恐瀕臨界點-024751704.html"
"803","慈濟發購物券  賑濟法國中部水患災民 (圖)","/慈濟發購物券-賑濟法國中部水患災民-圖-024300714.html"
"804","川普邊界築牆論 墨西哥總統反擊","/川普邊界築牆論-墨西哥總統反擊-023951736.html"
"805","南蘇丹政治派系武裝衝突持續","/南蘇丹政治派系武裝衝突持續-023908129.html"
"806","北京火鍋店菜單價錢為數學題 算不出來別吃","/北京火鍋店菜單價錢為數學題-算不出來別吃-023903818.html"
"807","決戰里約奧運 長庚致贈醫療防疫物資","/決戰里約奧運-長庚致贈醫療防疫物資-023833972.html"
"808","中央社奧運網站上線  精彩賽事一手掌握","/中央社奧運網站上線-精彩賽事-手掌握-022651572.html"
"809","本報特約--宏觀縱覽/大陸經濟微變　漸進調整結構","/本報特約-宏觀縱覽-大陸經濟微變-漸進調整結構-021700820.html"
"810","本報特約--宏觀縱覽/專家學者多視角把脈中國大陸經濟：新力量崛起對沖下行壓力","/本報特約-宏觀縱覽-專家學者多視角把脈中國大陸經濟-新力量崛起對沖下行壓力-021700114.html"
"811","本報特約--公司管理/保利與中航地產業務整合 欲做中國大陸黑石","/本報特約-公司管理-保利與中航地產業務整合-欲做中國大陸黑石-021700921--finance.html"
"812","本報特約--宏觀縱覽/連平:下半年房價仍升勢","/本報特約-宏觀縱覽-連平-下半年房價仍升勢-021700780.html"
"813","上海台商返鄉公益行  嘉惠弱勢學子","/上海台商返鄉公益行-嘉惠弱勢學子-021450597.html"
"814","本報社評--民進黨政府不要讓台灣陷入險境","/本報社評-民進黨政府不要讓台灣陷入險境-021300569.html"
"815","南海仲裁將公布  陸學者：料對大陸不利","/南海仲裁將公布-陸學者-料對大陸不利-021150092.html"
"816","本報點評--海基會董事長不是蔡英文的牌但是機會","/本報點評-海基會董事長不是蔡英文的牌但是機會-020700064.html"
"817","川普揚言墨西哥買單築牆 墨總統：門都沒有","/川普揚言墨西哥買單築牆-墨總統-門都沒有-015800263.html"
"818","韓美部署THAAD  北韓嗆採反制行動","/韓美部署thaad-北韓嗆採反制行動-015050585.html"
"819","胡智為飆97哩  未來之星投出身價","/胡智為飆97哩-未來之星投出身價-014650247.html"
"820","每日14噸垃圾 馬丘比丘恐列瀕危世遺","/每日14噸垃圾-馬丘比丘恐列瀕危世遺-014525049.html"
"821","溫布頓男單  莫瑞自家地盤奪冠","/溫布頓男單-莫瑞自家地盤奪冠-014525504--ten.html"
"822","南海仲裁案將宣布  陸媒：一張廢紙  不接受","/南海仲裁案將宣布-陸媒-張廢紙-不接受-013628586.html"
"823","南海仲裁案吵什麼？一分鐘看懂","/南海仲裁案吵什麼-分鐘看懂-013250995.html"
"824","<U+200B>安倍大勝 日參議員選舉 執政聯盟囊括2/3席次","/2-3-013101677.html"
"825","歐洲盃足球決賽  法葡球迷同歡 (圖)","/歐洲盃足球決賽-法葡球迷同歡-圖-012701713.html"
"826","小威成脫歐受災戶","/小威成脫歐受災戶-012626253.html"
"827","美暴力示威頻傳 3國發布旅遊警示","/美暴力示威頻傳-3國發布旅遊警示-012440917.html"
"828","台積電市值破4.42兆 續創個股新高","/台積電市值破4-42兆-續創個股新高-012150122--finance.html"
"829","道瓊重返18000  台股早盤勁揚132點","/道瓊重返18000-台股早盤勁揚132點-010750833.html"
"830","南蘇丹炮火連天 恐再陷內戰","/南蘇丹炮火連天-恐再陷內戰-005003030.html"
"831","歐洲盃足球賽 葡萄牙1分踢走法國首度奪冠","/歐洲盃足球賽-葡萄牙1分踢走法國首度奪冠-004902214.html"
"832","南蘇丹戰火再起 安理會要求鄰國相助","/南蘇丹戰火再起-安理會要求鄰國相助-004300603.html"
"833","柏林警民衝突 123名員警受傷","/柏林警民衝突-123名員警受傷-003104217.html"
"834","胡智為入選美職未來之星  亞洲唯一","/胡智為入選美職未來之星-亞洲唯-002849323--mlb.html"
"835","台股電子旺季到 基本面撐盤","/台股電子旺季到-基本面撐盤-001549484.html"
"836","賓拉登之子崛起 揚言攻擊美國報殺父之仇","/賓拉登之子崛起-揚言攻擊美國報殺父之仇-000603507.html"
"837","南蘇丹戰火起 潘基文：震驚","/南蘇丹戰火起-潘基文-震驚-000501481.html"
"838","石之瑜專文：從台灣突破「南海戰後秩序」","/石之瑜專文-從台灣突破-南海戰後秩序-000129239.html"
"839","長榮海運長華輪首航巴拿馬運河拓寬水閘 (圖)","/長榮海運長華輪首航巴拿馬運河拓寬水閘-圖-145101419.html"
"840","場內外都火熱 歐足賽決戰警方逮捕40球迷","/場內外都火熱-歐足賽決戰警方逮捕40球迷-235100143.html"
"841","樂康高球賽並列第2 潘政琮威巡最佳","/樂康高球賽並列第2-潘政琮威巡最佳-233749008--golf.html"
"842","美韓佈署反導 北韓炮兵局發表「重大警告」","/美韓佈署反導-北韓炮兵局發表-重大警告-233620087.html"
"843","槍口下的美國","/槍口下的美國-232449193.html"
"844","陳耀昌專文：新南向若已死，請考慮新北進吧！！","/陳耀昌專文-新南向若已死-請考慮新北進吧-223000673.html"
"845","觀點投書：「雄三誤射事件」凸顯台海戰略角色轉換","/觀點投書-雄三誤射事件-凸顯台海戰略角色轉換-222000763.html"
"846","替補前鋒建功 葡萄牙首奪歐洲盃冠軍","/替補前鋒建功-葡萄牙首奪歐洲盃冠軍-230749573--sow.html"
"847","北韓再嗆 將對THAAD採反制行動","/北韓再嗆-將對thaad採物理性反制行動-230400599.html"
"848","換擋升級中國消費新浪潮","/換擋升級中國消費新浪潮-215005711--finance.html"
"849","被判加賽 我仍輕取大陸","/被判加賽-我仍輕取大陸-215005264--mlb.html"
"850","陸百名紅通貪官 15個月緝31人","/陸百名紅通貪官-15個月緝31人-215005136--finance.html"
"851","美非裔抗爭升溫 倫敦響應","/美非裔抗爭升溫-倫敦響應-215005883.html"
"852","梁思成、貝聿銘作品 陸考慮申遺","/梁思成-貝聿銘作品-陸考慮申遺-215005890--finance.html"
"853","趁洪災哄抬物價 陸重拳整治","/趁洪災哄抬物價-陸重拳整治-215005109--finance.html"
"854","被判加賽 我仍輕取大陸","/被判加賽-我仍輕取大陸-215005264--mlb.html"
"855","陸百名紅通貪官 15個月緝31人","/陸百名紅通貪官-15個月緝31人-215005136--finance.html"
"856","風險淡化＋業績好轉 A股看俏","/風險淡化-業績好轉-a股看俏-215005513--finance.html"
"857","陸太空戰力提升 成美假想敵","/陸太空戰力提升-成美假想敵-215005493--finance.html"
"858","資源、巴西基金 上半年猛","/資源-巴西基金-上半年猛-215005129--finance.html"
"859","天宮二號抵發射中心 9月升空","/天宮二號抵發射中心-9月升空-215005698--finance.html"
"860","維穩經濟 陸狂打麻藥不做手術","/維穩經濟-陸狂打麻藥不做手術-215005651--finance.html"
"861","陸PPI連跌52月 通縮陰影仍在","/陸ppi連跌52月-通縮陰影仍在-215005781--finance.html"
"862","你趕我 我趕你 美俄互逐外交官","/你趕我-我趕你-美俄互逐外交官-215005858.html"
"863","大學生上海研習營 今啟動","/大學生上海研習營-今啟動-215005208--finance.html"
"864","曾任兩岸密使 葉劍英次子病逝","/曾任兩岸密使-葉劍英次子病逝-215005509--finance.html"
"865","殖利率低 多元資產迎戰","/殖利率低-多元資產迎戰-215005912--finance.html"
"866","培養客源 長榮步步為營","/培養客源-長榮步步為營-215005014--finance.html"
"867","台灣大學生拓視野 赴滬台企研習","/台灣大學生拓視野-赴滬台企研習-215005259--finance.html"
"868","資金大轉向 新興股債受捧","/資金大轉向-新興股債受捧-215005936--finance.html"
"869","債市反攻 亞高收益債 漲近7.5％超吸睛","/債市反攻-亞高收益債-漲近7-5-超吸睛-215005719--finance.html"
"870","不畏震盪 亞債3大利多支撐","/不畏震盪-亞債3大利多支撐-215005134--finance.html"
"871","歐元區面臨金融風暴 投資級債配黃金抗震","/歐元區面臨金融風暴-投資級債配黃金抗震-215005481--finance.html"
"872","實現太空夢 大陸全面動員","/實現太空夢-大陸全面動員-215005154--finance.html"
"873","2024年 大陸太空站全球唯一","/2024年-大陸太空站全球唯-215005735--finance.html"
"874","修憲阻力大 安倍先挑軟的吃","/修憲阻力大-安倍先挑軟的吃-215005030.html"
"875","旺報觀點－星際爭霸 中美下波衝突點","/旺報觀點-星際爭霸-中美下波衝突點-215005003--finance.html"
